facility_id,facility_name,address,city,state,zip_code,county_name,phone_number,measure_id,measure_name,compared_to_national,denominator,score,lower_estimate,higher_estimate,footnote,start_date,end_date
330027,NASSAU UNIVERSITY MEDICAL CENTER,2201 HEMPSTEAD TURNPIKE,EAST MEADOW,NY,11554,NASSAU,(516) 572-0123,COMP_HIP_KNEE,Rate of complications for hip/knee replacement patients,Number of Cases Too Small,Not Available,Not Available,Not Available,Not Available,1,04/01/2017,10/02/2019
330027,NASSAU UNIVERSITY MEDICAL CENTER,2201 HEMPSTEAD TURNPIKE,EAST MEADOW,NY,11554,NASSAU,(516) 572-0123,MORT_30_AMI,Death rate for heart attack patients,No Different Than the National Rate,53,12.6,9.9,16.0,,07/01/2017,12/01/2019
330027,NASSAU UNIVERSITY MEDICAL CENTER,2201 HEMPSTEAD TURNPIKE,EAST MEADOW,NY,11554,NASSAU,(516) 572-0123,MORT_30_CABG,Death rate for CABG surgery patients,Not Available,Not Available,Not Available,Not Available,Not Available,5,07/01/2017,12/01/2019
330027,NASSAU UNIVERSITY MEDICAL CENTER,2201 HEMPSTEAD TURNPIKE,EAST MEADOW,NY,11554,NASSAU,(516) 572-0123,MORT_30_COPD,Death rate for COPD patients,No Different Than the National Rate,68,8.8,6.2,12.4,,07/01/2017,12/01/2019
330027,NASSAU UNIVERSITY MEDICAL CENTER,2201 HEMPSTEAD TURNPIKE,EAST MEADOW,NY,11554,NASSAU,(516) 572-0123,MORT_30_HF,Death rate for heart failure patients,No Different Than the National Rate,117,11.6,8.5,15.5,,07/01/2017,12/01/2019
330027,NASSAU UNIVERSITY MEDICAL CENTER,2201 HEMPSTEAD TURNPIKE,EAST MEADOW,NY,11554,NASSAU,(516) 572-0123,MORT_30_PN,Death rate for pneumonia patients,No Different Than the National Rate,110,19,14.8,23.6,,07/01/2017,12/01/2019
330027,NASSAU UNIVERSITY MEDICAL CENTER,2201 HEMPSTEAD TURNPIKE,EAST MEADOW,NY,11554,NASSAU,(516) 572-0123,MORT_30_STK,Death rate for stroke patients,Worse Than the National Rate,85,17.7,13.6,22.7,,07/01/2017,12/01/2019
330027,NASSAU UNIVERSITY MEDICAL CENTER,2201 HEMPSTEAD TURNPIKE,EAST MEADOW,NY,11554,NASSAU,(516) 572-0123,PSI_03,Pressure ulcer rate,Worse Than the National Rate,2784,1.67,0.85,2.49,,07/01/2018,12/31/2019
330027,NASSAU UNIVERSITY MEDICAL CENTER,2201 HEMPSTEAD TURNPIKE,EAST MEADOW,NY,11554,NASSAU,(516) 572-0123,PSI_04,Death rate among surgical inpatients with serious treatable complications,No Different Than the National Rate,29,189.28,139.47,239.08,,07/01/2018,12/31/2019
330027,NASSAU UNIVERSITY MEDICAL CENTER,2201 HEMPSTEAD TURNPIKE,EAST MEADOW,NY,11554,NASSAU,(516) 572-0123,PSI_06,Iatrogenic pneumothorax rate,No Different Than the National Rate,4224,0.21,0.03,0.39,,07/01/2018,12/31/2019
330027,NASSAU UNIVERSITY MEDICAL CENTER,2201 HEMPSTEAD TURNPIKE,EAST MEADOW,NY,11554,NASSAU,(516) 572-0123,PSI_08,In-hospital fall with hip fracture rate,No Different Than the National Rate,3105,0.09,0.02,0.16,,07/01/2018,12/31/2019
330027,NASSAU UNIVERSITY MEDICAL CENTER,2201 HEMPSTEAD TURNPIKE,EAST MEADOW,NY,11554,NASSAU,(516) 572-0123,PSI_09,Perioperative hemorrhage or hematoma rate,No Different Than the National Rate,434,2.58,1.04,4.11,,07/01/2018,12/31/2019
330027,NASSAU UNIVERSITY MEDICAL CENTER,2201 HEMPSTEAD TURNPIKE,EAST MEADOW,NY,11554,NASSAU,(516) 572-0123,PSI_10,Postoperative acute kidney injury requiring dialysis rate,No Different Than the National Rate,57,1.42,0.17,2.67,,07/01/2018,12/31/2019
330027,NASSAU UNIVERSITY MEDICAL CENTER,2201 HEMPSTEAD TURNPIKE,EAST MEADOW,NY,11554,NASSAU,(516) 572-0123,PSI_11,Postoperative respiratory failure rate,No Different Than the National Rate,56,6.05,1.35,10.75,,07/01/2018,12/31/2019
330027,NASSAU UNIVERSITY MEDICAL CENTER,2201 HEMPSTEAD TURNPIKE,EAST MEADOW,NY,11554,NASSAU,(516) 572-0123,PSI_12,Perioperative pulmonary embolism or deep vein thrombosis rate,No Different Than the National Rate,444,3.22,0.57,5.88,,07/01/2018,12/31/2019
330027,NASSAU UNIVERSITY MEDICAL CENTER,2201 HEMPSTEAD TURNPIKE,EAST MEADOW,NY,11554,NASSAU,(516) 572-0123,PSI_13,Postoperative sepsis rate,No Different Than the National Rate,58,4.82,1.44,8.19,,07/01/2018,12/31/2019
330027,NASSAU UNIVERSITY MEDICAL CENTER,2201 HEMPSTEAD TURNPIKE,EAST MEADOW,NY,11554,NASSAU,(516) 572-0123,PSI_14,Postoperative wound dehiscence rate,No Different Than the National Rate,66,0.85,0.13,1.58,,07/01/2018,12/31/2019
330027,NASSAU UNIVERSITY MEDICAL CENTER,2201 HEMPSTEAD TURNPIKE,EAST MEADOW,NY,11554,NASSAU,(516) 572-0123,PSI_15,Abdominopelvic accidental puncture or laceration rate,No Different Than the National Rate,697,1.06,0,2.33,,07/01/2018,12/31/2019
330027,NASSAU UNIVERSITY MEDICAL CENTER,2201 HEMPSTEAD TURNPIKE,EAST MEADOW,NY,11554,NASSAU,(516) 572-0123,PSI_90,CMS Medicare PSI 90: Patient safety and adverse events composite,No Different Than the National Value,Not Applicable,1.31,0.93,1.68,,07/01/2018,12/31/2019
330106,NORTH SHORE UNIVERSITY HOSPITAL,300 COMMUNITY DRIVE,MANHASSET,NY,11030,NASSAU,(516) 562-0100,COMP_HIP_KNEE,Rate of complications for hip/knee replacement patients,No Different Than the National Rate,1351,2.1,1.6,2.9,,04/01/2017,10/02/2019
330106,NORTH SHORE UNIVERSITY HOSPITAL,300 COMMUNITY DRIVE,MANHASSET,NY,11030,NASSAU,(516) 562-0100,MORT_30_AMI,Death rate for heart attack patients,No Different Than the National Rate,417,12.3,10.2,14.7,,07/01/2017,12/01/2019
330106,NORTH SHORE UNIVERSITY HOSPITAL,300 COMMUNITY DRIVE,MANHASSET,NY,11030,NASSAU,(516) 562-0100,MORT_30_CABG,Death rate for CABG surgery patients,No Different Than the National Rate,280,2.1,1.2,3.6,,07/01/2017,12/01/2019
330106,NORTH SHORE UNIVERSITY HOSPITAL,300 COMMUNITY DRIVE,MANHASSET,NY,11030,NASSAU,(516) 562-0100,MORT_30_COPD,Death rate for COPD patients,No Different Than the National Rate,412,7.8,6.1,9.9,,07/01/2017,12/01/2019
330106,NORTH SHORE UNIVERSITY HOSPITAL,300 COMMUNITY DRIVE,MANHASSET,NY,11030,NASSAU,(516) 562-0100,MORT_30_HF,Death rate for heart failure patients,Better Than the National Rate,1399,8.3,7.1,9.5,,07/01/2017,12/01/2019
330106,NORTH SHORE UNIVERSITY HOSPITAL,300 COMMUNITY DRIVE,MANHASSET,NY,11030,NASSAU,(516) 562-0100,MORT_30_PN,Death rate for pneumonia patients,Better Than the National Rate,1456,11.6,10.4,13.1,,07/01/2017,12/01/2019
330106,NORTH SHORE UNIVERSITY HOSPITAL,300 COMMUNITY DRIVE,MANHASSET,NY,11030,NASSAU,(516) 562-0100,MORT_30_STK,Death rate for stroke patients,No Different Than the National Rate,561,12.8,10.8,14.9,,07/01/2017,12/01/2019
330106,NORTH SHORE UNIVERSITY HOSPITAL,300 COMMUNITY DRIVE,MANHASSET,NY,11030,NASSAU,(516) 562-0100,PSI_03,Pressure ulcer rate,No Different Than the National Rate,18927,0.31,0,0.63,,07/01/2018,12/31/2019
330106,NORTH SHORE UNIVERSITY HOSPITAL,300 COMMUNITY DRIVE,MANHASSET,NY,11030,NASSAU,(516) 562-0100,PSI_04,Death rate among surgical inpatients with serious treatable complications,No Different Than the National Rate,257,167.02,135.04,199,,07/01/2018,12/31/2019
330106,NORTH SHORE UNIVERSITY HOSPITAL,300 COMMUNITY DRIVE,MANHASSET,NY,11030,NASSAU,(516) 562-0100,PSI_06,Iatrogenic pneumothorax rate,No Different Than the National Rate,22800,0.14,0.01,0.27,,07/01/2018,12/31/2019
330106,NORTH SHORE UNIVERSITY HOSPITAL,300 COMMUNITY DRIVE,MANHASSET,NY,11030,NASSAU,(516) 562-0100,PSI_08,In-hospital fall with hip fracture rate,No Different Than the National Rate,19146,0.10,0.03,0.16,,07/01/2018,12/31/2019
330106,NORTH SHORE UNIVERSITY HOSPITAL,300 COMMUNITY DRIVE,MANHASSET,NY,11030,NASSAU,(516) 562-0100,PSI_09,Perioperative hemorrhage or hematoma rate,No Different Than the National Rate,6658,2.56,1.59,3.52,,07/01/2018,12/31/2019
330106,NORTH SHORE UNIVERSITY HOSPITAL,300 COMMUNITY DRIVE,MANHASSET,NY,11030,NASSAU,(516) 562-0100,PSI_10,Postoperative acute kidney injury requiring dialysis rate,No Different Than the National Rate,2598,0.82,0,1.77,,07/01/2018,12/31/2019
330106,NORTH SHORE UNIVERSITY HOSPITAL,300 COMMUNITY DRIVE,MANHASSET,NY,11030,NASSAU,(516) 562-0100,PSI_11,Postoperative respiratory failure rate,No Different Than the National Rate,2071,4.70,1.87,7.52,,07/01/2018,12/31/2019
330106,NORTH SHORE UNIVERSITY HOSPITAL,300 COMMUNITY DRIVE,MANHASSET,NY,11030,NASSAU,(516) 562-0100,PSI_12,Perioperative pulmonary embolism or deep vein thrombosis rate,No Different Than the National Rate,7117,3.38,2.07,4.68,,07/01/2018,12/31/2019
330106,NORTH SHORE UNIVERSITY HOSPITAL,300 COMMUNITY DRIVE,MANHASSET,NY,11030,NASSAU,(516) 562-0100,PSI_13,Postoperative sepsis rate,No Different Than the National Rate,2616,3.02,0.85,5.19,,07/01/2018,12/31/2019
330106,NORTH SHORE UNIVERSITY HOSPITAL,300 COMMUNITY DRIVE,MANHASSET,NY,11030,NASSAU,(516) 562-0100,PSI_14,Postoperative wound dehiscence rate,No Different Than the National Rate,1421,0.72,0.06,1.39,,07/01/2018,12/31/2019
330106,NORTH SHORE UNIVERSITY HOSPITAL,300 COMMUNITY DRIVE,MANHASSET,NY,11030,NASSAU,(516) 562-0100,PSI_15,Abdominopelvic accidental puncture or laceration rate,No Different Than the National Rate,4709,0.74,0,1.55,,07/01/2018,12/31/2019
330106,NORTH SHORE UNIVERSITY HOSPITAL,300 COMMUNITY DRIVE,MANHASSET,NY,11030,NASSAU,(516) 562-0100,PSI_90,CMS Medicare PSI 90: Patient safety and adverse events composite,Better Than the National Value,Not Applicable,0.73,0.53,0.93,,07/01/2018,12/31/2019
330181,NORTHWELL HOSPITAL GLEN COVE,101 ST ANDREWS LANE,GLEN COVE,NY,11542,NASSAU,(516) 674-7300,COMP_HIP_KNEE,Rate of complications for hip/knee replacement patients,Not Available,Not Available,Not Available,Not Available,Not Available,7,04/01/2017,10/02/2019
330181,NORTHWELL HOSPITAL GLEN COVE,101 ST ANDREWS LANE,GLEN COVE,NY,11542,NASSAU,(516) 674-7300,MORT_30_AMI,Death rate for heart attack patients,No Different Than the National Rate,85,12.2,9.6,15.0,,07/01/2017,12/01/2019
330181,NORTHWELL HOSPITAL GLEN COVE,101 ST ANDREWS LANE,GLEN COVE,NY,11542,NASSAU,(516) 674-7300,MORT_30_CABG,Death rate for CABG surgery patients,Not Available,Not Available,Not Available,Not Available,Not Available,5,07/01/2017,12/01/2019
330181,NORTHWELL HOSPITAL GLEN COVE,101 ST ANDREWS LANE,GLEN COVE,NY,11542,NASSAU,(516) 674-7300,MORT_30_COPD,Death rate for COPD patients,No Different Than the National Rate,87,6.8,4.7,9.6,,07/01/2017,12/01/2019
330181,NORTHWELL HOSPITAL GLEN COVE,101 ST ANDREWS LANE,GLEN COVE,NY,11542,NASSAU,(516) 674-7300,MORT_30_HF,Death rate for heart failure patients,No Different Than the National Rate,196,10.7,8.1,13.8,,07/01/2017,12/01/2019
330181,NORTHWELL HOSPITAL GLEN COVE,101 ST ANDREWS LANE,GLEN COVE,NY,11542,NASSAU,(516) 674-7300,MORT_30_PN,Death rate for pneumonia patients,No Different Than the National Rate,214,13.8,11.1,17.1,,07/01/2017,12/01/2019
330181,NORTHWELL HOSPITAL GLEN COVE,101 ST ANDREWS LANE,GLEN COVE,NY,11542,NASSAU,(516) 674-7300,MORT_30_STK,Death rate for stroke patients,No Different Than the National Rate,105,12.6,9.7,16.1,,07/01/2017,12/01/2019
330181,NORTHWELL HOSPITAL GLEN COVE,101 ST ANDREWS LANE,GLEN COVE,NY,11542,NASSAU,(516) 674-7300,PSI_03,Pressure ulcer rate,No Different Than the National Rate,1755,0.90,0.03,1.77,,07/01/2018,12/31/2019
330181,NORTHWELL HOSPITAL GLEN COVE,101 ST ANDREWS LANE,GLEN COVE,NY,11542,NASSAU,(516) 674-7300,PSI_04,Death rate among surgical inpatients with serious treatable complications,Number of Cases Too Small,Not Available,Not Available,Not Available,Not Available,1,07/01/2018,12/31/2019
330181,NORTHWELL HOSPITAL GLEN COVE,101 ST ANDREWS LANE,GLEN COVE,NY,11542,NASSAU,(516) 674-7300,PSI_06,Iatrogenic pneumothorax rate,No Different Than the National Rate,2344,0.22,0.03,0.4,,07/01/2018,12/31/2019
330181,NORTHWELL HOSPITAL GLEN COVE,101 ST ANDREWS LANE,GLEN COVE,NY,11542,NASSAU,(516) 674-7300,PSI_08,In-hospital fall with hip fracture rate,No Different Than the National Rate,1909,0.09,0.03,0.16,,07/01/2018,12/31/2019
330181,NORTHWELL HOSPITAL GLEN COVE,101 ST ANDREWS LANE,GLEN COVE,NY,11542,NASSAU,(516) 674-7300,PSI_09,Perioperative hemorrhage or hematoma rate,No Different Than the National Rate,226,2.40,0.85,3.95,,07/01/2018,12/31/2019
330181,NORTHWELL HOSPITAL GLEN COVE,101 ST ANDREWS LANE,GLEN COVE,NY,11542,NASSAU,(516) 674-7300,PSI_10,Postoperative acute kidney injury requiring dialysis rate,No Different Than the National Rate,27,1.40,0.16,2.65,,07/01/2018,12/31/2019
330181,NORTHWELL HOSPITAL GLEN COVE,101 ST ANDREWS LANE,GLEN COVE,NY,11542,NASSAU,(516) 674-7300,PSI_11,Postoperative respiratory failure rate,Number of Cases Too Small,Not Available,Not Available,Not Available,Not Available,1,07/01/2018,12/31/2019
330181,NORTHWELL HOSPITAL GLEN COVE,101 ST ANDREWS LANE,GLEN COVE,NY,11542,NASSAU,(516) 674-7300,PSI_12,Perioperative pulmonary embolism or deep vein thrombosis rate,No Different Than the National Rate,241,4.11,1.33,6.90,,07/01/2018,12/31/2019
330181,NORTHWELL HOSPITAL GLEN COVE,101 ST ANDREWS LANE,GLEN COVE,NY,11542,NASSAU,(516) 674-7300,PSI_13,Postoperative sepsis rate,Number of Cases Too Small,Not Available,Not Available,Not Available,Not Available,1,07/01/2018,12/31/2019
330181,NORTHWELL HOSPITAL GLEN COVE,101 ST ANDREWS LANE,GLEN COVE,NY,11542,NASSAU,(516) 674-7300,PSI_14,Postoperative wound dehiscence rate,No Different Than the National Rate,68,0.84,0.12,1.56,,07/01/2018,12/31/2019
330181,NORTHWELL HOSPITAL GLEN COVE,101 ST ANDREWS LANE,GLEN COVE,NY,11542,NASSAU,(516) 674-7300,PSI_15,Abdominopelvic accidental puncture or laceration rate,No Different Than the National Rate,283,1.10,0,2.39,,07/01/2018,12/31/2019
330181,NORTHWELL HOSPITAL GLEN COVE,101 ST ANDREWS LANE,GLEN COVE,NY,11542,NASSAU,(516) 674-7300,PSI_90,CMS Medicare PSI 90: Patient safety and adverse events composite,No Different Than the National Value,Not Applicable,1.09,0.7,1.48,,07/01/2018,12/31/2019
330182,ST FRANCIS HOSPITAL - THE HEART CENTER,100 PORT WASHINGTON BOULEVARD,ROSLYN,NY,11576,NASSAU,(516) 562-6000,COMP_HIP_KNEE,Rate of complications for hip/knee replacement patients,No Different Than the National Rate,1109,1.7,1.2,2.4,,04/01/2017,10/02/2019
330182,ST FRANCIS HOSPITAL - THE HEART CENTER,100 PORT WASHINGTON BOULEVARD,ROSLYN,NY,11576,NASSAU,(516) 562-6000,MORT_30_AMI,Death rate for heart attack patients,No Different Than the National Rate,430,11.8,9.7,14.1,,07/01/2017,12/01/2019
330182,ST FRANCIS HOSPITAL - THE HEART CENTER,100 PORT WASHINGTON BOULEVARD,ROSLYN,NY,11576,NASSAU,(516) 562-6000,MORT_30_CABG,Death rate for CABG surgery patients,Better Than the National Rate,476,1.5,0.9,2.7,,07/01/2017,12/01/2019
330182,ST FRANCIS HOSPITAL - THE HEART CENTER,100 PORT WASHINGTON BOULEVARD,ROSLYN,NY,11576,NASSAU,(516) 562-6000,MORT_30_COPD,Death rate for COPD patients,No Different Than the National Rate,266,6.3,4.6,8.4,,07/01/2017,12/01/2019
330182,ST FRANCIS HOSPITAL - THE HEART CENTER,100 PORT WASHINGTON BOULEVARD,ROSLYN,NY,11576,NASSAU,(516) 562-6000,MORT_30_HF,Death rate for heart failure patients,Better Than the National Rate,1471,8.6,7.4,9.8,,07/01/2017,12/01/2019
330182,ST FRANCIS HOSPITAL - THE HEART CENTER,100 PORT WASHINGTON BOULEVARD,ROSLYN,NY,11576,NASSAU,(516) 562-6000,MORT_30_PN,Death rate for pneumonia patients,Better Than the National Rate,885,10.2,8.7,11.9,,07/01/2017,12/01/2019
330182,ST FRANCIS HOSPITAL - THE HEART CENTER,100 PORT WASHINGTON BOULEVARD,ROSLYN,NY,11576,NASSAU,(516) 562-6000,MORT_30_STK,Death rate for stroke patients,Better Than the National Rate,272,10,8.0,12.5,,07/01/2017,12/01/2019
330182,ST FRANCIS HOSPITAL - THE HEART CENTER,100 PORT WASHINGTON BOULEVARD,ROSLYN,NY,11576,NASSAU,(516) 562-6000,PSI_03,Pressure ulcer rate,No Different Than the National Rate,12135,0.76,0.34,1.18,,07/01/2018,12/31/2019
330182,ST FRANCIS HOSPITAL - THE HEART CENTER,100 PORT WASHINGTON BOULEVARD,ROSLYN,NY,11576,NASSAU,(516) 562-6000,PSI_04,Death rate among surgical inpatients with serious treatable complications,No Different Than the National Rate,154,149.06,110.84,187.28,,07/01/2018,12/31/2019
330182,ST FRANCIS HOSPITAL - THE HEART CENTER,100 PORT WASHINGTON BOULEVARD,ROSLYN,NY,11576,NASSAU,(516) 562-6000,PSI_06,Iatrogenic pneumothorax rate,No Different Than the National Rate,14967,0.16,0.03,0.28,,07/01/2018,12/31/2019
330182,ST FRANCIS HOSPITAL - THE HEART CENTER,100 PORT WASHINGTON BOULEVARD,ROSLYN,NY,11576,NASSAU,(516) 562-6000,PSI_08,In-hospital fall with hip fracture rate,No Different Than the National Rate,13984,0.08,0.02,0.14,,07/01/2018,12/31/2019
330182,ST FRANCIS HOSPITAL - THE HEART CENTER,100 PORT WASHINGTON BOULEVARD,ROSLYN,NY,11576,NASSAU,(516) 562-6000,PSI_09,Perioperative hemorrhage or hematoma rate,No Different Than the National Rate,5489,2.15,1.19,3.11,,07/01/2018,12/31/2019
330182,ST FRANCIS HOSPITAL - THE HEART CENTER,100 PORT WASHINGTON BOULEVARD,ROSLYN,NY,11576,NASSAU,(516) 562-6000,PSI_10,Postoperative acute kidney injury requiring dialysis rate,No Different Than the National Rate,2651,0.80,0,1.65,,07/01/2018,12/31/2019
330182,ST FRANCIS HOSPITAL - THE HEART CENTER,100 PORT WASHINGTON BOULEVARD,ROSLYN,NY,11576,NASSAU,(516) 562-6000,PSI_11,Postoperative respiratory failure rate,No Different Than the National Rate,1587,2.03,0,5.05,,07/01/2018,12/31/2019
330182,ST FRANCIS HOSPITAL - THE HEART CENTER,100 PORT WASHINGTON BOULEVARD,ROSLYN,NY,11576,NASSAU,(516) 562-6000,PSI_12,Perioperative pulmonary embolism or deep vein thrombosis rate,No Different Than the National Rate,6018,4.31,2.80,5.82,,07/01/2018,12/31/2019
330182,ST FRANCIS HOSPITAL - THE HEART CENTER,100 PORT WASHINGTON BOULEVARD,ROSLYN,NY,11576,NASSAU,(516) 562-6000,PSI_13,Postoperative sepsis rate,No Different Than the National Rate,2642,4.02,1.86,6.18,,07/01/2018,12/31/2019
330182,ST FRANCIS HOSPITAL - THE HEART CENTER,100 PORT WASHINGTON BOULEVARD,ROSLYN,NY,11576,NASSAU,(516) 562-6000,PSI_14,Postoperative wound dehiscence rate,No Different Than the National Rate,900,0.77,0.08,1.46,,07/01/2018,12/31/2019
330182,ST FRANCIS HOSPITAL - THE HEART CENTER,100 PORT WASHINGTON BOULEVARD,ROSLYN,NY,11576,NASSAU,(516) 562-6000,PSI_15,Abdominopelvic accidental puncture or laceration rate,No Different Than the National Rate,2981,0.59,0,1.53,,07/01/2018,12/31/2019
330182,ST FRANCIS HOSPITAL - THE HEART CENTER,100 PORT WASHINGTON BOULEVARD,ROSLYN,NY,11576,NASSAU,(516) 562-6000,PSI_90,CMS Medicare PSI 90: Patient safety and adverse events composite,No Different Than the National Value,Not Applicable,0.86,0.65,1.08,,07/01/2018,12/31/2019
330195,LONG ISLAND JEWISH MEDICAL CENTER,270 - 05 76TH AVENUE,NEW HYDE PARK,NY,11040,NASSAU,(718) 470-7000,COMP_HIP_KNEE,Rate of complications for hip/knee replacement patients,No Different Than the National Rate,839,2.4,1.7,3.5,,04/01/2017,10/02/2019
330195,LONG ISLAND JEWISH MEDICAL CENTER,270 - 05 76TH AVENUE,NEW HYDE PARK,NY,11040,NASSAU,(718) 470-7000,MORT_30_AMI,Death rate for heart attack patients,No Different Than the National Rate,279,10.1,8.1,12.4,,07/01/2017,12/01/2019
330195,LONG ISLAND JEWISH MEDICAL CENTER,270 - 05 76TH AVENUE,NEW HYDE PARK,NY,11040,NASSAU,(718) 470-7000,MORT_30_CABG,Death rate for CABG surgery patients,Not Available,Not Available,Not Available,Not Available,Not Available,5,07/01/2017,12/01/2019
330195,LONG ISLAND JEWISH MEDICAL CENTER,270 - 05 76TH AVENUE,NEW HYDE PARK,NY,11040,NASSAU,(718) 470-7000,MORT_30_COPD,Death rate for COPD patients,No Different Than the National Rate,450,6.4,5.0,8.2,,07/01/2017,12/01/2019
330195,LONG ISLAND JEWISH MEDICAL CENTER,270 - 05 76TH AVENUE,NEW HYDE PARK,NY,11040,NASSAU,(718) 470-7000,MORT_30_HF,Death rate for heart failure patients,Better Than the National Rate,1133,8.8,7.5,10.3,,07/01/2017,12/01/2019
330195,LONG ISLAND JEWISH MEDICAL CENTER,270 - 05 76TH AVENUE,NEW HYDE PARK,NY,11040,NASSAU,(718) 470-7000,MORT_30_PN,Death rate for pneumonia patients,No Different Than the National Rate,1470,14,12.6,15.5,,07/01/2017,12/01/2019
330195,LONG ISLAND JEWISH MEDICAL CENTER,270 - 05 76TH AVENUE,NEW HYDE PARK,NY,11040,NASSAU,(718) 470-7000,MORT_30_STK,Death rate for stroke patients,Better Than the National Rate,579,8.7,7.1,10.5,,07/01/2017,12/01/2019
330195,LONG ISLAND JEWISH MEDICAL CENTER,270 - 05 76TH AVENUE,NEW HYDE PARK,NY,11040,NASSAU,(718) 470-7000,PSI_03,Pressure ulcer rate,No Different Than the National Rate,16796,0.39,0.05,0.73,,07/01/2018,12/31/2019
330195,LONG ISLAND JEWISH MEDICAL CENTER,270 - 05 76TH AVENUE,NEW HYDE PARK,NY,11040,NASSAU,(718) 470-7000,PSI_04,Death rate among surgical inpatients with serious treatable complications,No Different Than the National Rate,156,154.02,115.12,192.92,,07/01/2018,12/31/2019
330195,LONG ISLAND JEWISH MEDICAL CENTER,270 - 05 76TH AVENUE,NEW HYDE PARK,NY,11040,NASSAU,(718) 470-7000,PSI_06,Iatrogenic pneumothorax rate,No Different Than the National Rate,20385,0.12,0,0.26,,07/01/2018,12/31/2019
330195,LONG ISLAND JEWISH MEDICAL CENTER,270 - 05 76TH AVENUE,NEW HYDE PARK,NY,11040,NASSAU,(718) 470-7000,PSI_08,In-hospital fall with hip fracture rate,No Different Than the National Rate,17453,0.09,0.03,0.15,,07/01/2018,12/31/2019
330195,LONG ISLAND JEWISH MEDICAL CENTER,270 - 05 76TH AVENUE,NEW HYDE PARK,NY,11040,NASSAU,(718) 470-7000,PSI_09,Perioperative hemorrhage or hematoma rate,No Different Than the National Rate,4589,2.36,1.31,3.42,,07/01/2018,12/31/2019
330195,LONG ISLAND JEWISH MEDICAL CENTER,270 - 05 76TH AVENUE,NEW HYDE PARK,NY,11040,NASSAU,(718) 470-7000,PSI_10,Postoperative acute kidney injury requiring dialysis rate,No Different Than the National Rate,2103,1.47,0.4,2.55,,07/01/2018,12/31/2019
330195,LONG ISLAND JEWISH MEDICAL CENTER,270 - 05 76TH AVENUE,NEW HYDE PARK,NY,11040,NASSAU,(718) 470-7000,PSI_11,Postoperative respiratory failure rate,No Different Than the National Rate,1758,4.75,1.92,7.58,,07/01/2018,12/31/2019
330195,LONG ISLAND JEWISH MEDICAL CENTER,270 - 05 76TH AVENUE,NEW HYDE PARK,NY,11040,NASSAU,(718) 470-7000,PSI_12,Perioperative pulmonary embolism or deep vein thrombosis rate,No Different Than the National Rate,4766,3.06,1.62,4.51,,07/01/2018,12/31/2019
330195,LONG ISLAND JEWISH MEDICAL CENTER,270 - 05 76TH AVENUE,NEW HYDE PARK,NY,11040,NASSAU,(718) 470-7000,PSI_13,Postoperative sepsis rate,Worse Than the National Rate,2103,7.43,5.22,9.64,,07/01/2018,12/31/2019
330195,LONG ISLAND JEWISH MEDICAL CENTER,270 - 05 76TH AVENUE,NEW HYDE PARK,NY,11040,NASSAU,(718) 470-7000,PSI_14,Postoperative wound dehiscence rate,No Different Than the National Rate,1200,0.73,0.06,1.39,,07/01/2018,12/31/2019
330195,LONG ISLAND JEWISH MEDICAL CENTER,270 - 05 76TH AVENUE,NEW HYDE PARK,NY,11040,NASSAU,(718) 470-7000,PSI_15,Abdominopelvic accidental puncture or laceration rate,No Different Than the National Rate,4160,0.63,0,1.47,,07/01/2018,12/31/2019
330195,LONG ISLAND JEWISH MEDICAL CENTER,270 - 05 76TH AVENUE,NEW HYDE PARK,NY,11040,NASSAU,(718) 470-7000,PSI_90,CMS Medicare PSI 90: Patient safety and adverse events composite,No Different Than the National Value,Not Applicable,0.99,0.78,1.2,,07/01/2018,12/31/2019
330198,MOUNT SINAI SOUTH NASSAU,ONE HEALTHY WAY,OCEANSIDE,NY,11572,NASSAU,(516) 632-3000,COMP_HIP_KNEE,Rate of complications for hip/knee replacement patients,No Different Than the National Rate,224,2.1,1.3,3.6,,04/01/2017,10/02/2019
330198,MOUNT SINAI SOUTH NASSAU,ONE HEALTHY WAY,OCEANSIDE,NY,11572,NASSAU,(516) 632-3000,MORT_30_AMI,Death rate for heart attack patients,No Different Than the National Rate,292,13.1,10.8,15.7,,07/01/2017,12/01/2019
330198,MOUNT SINAI SOUTH NASSAU,ONE HEALTHY WAY,OCEANSIDE,NY,11572,NASSAU,(516) 632-3000,MORT_30_CABG,Death rate for CABG surgery patients,Not Available,Not Available,Not Available,Not Available,Not Available,5,07/01/2017,12/01/2019
330198,MOUNT SINAI SOUTH NASSAU,ONE HEALTHY WAY,OCEANSIDE,NY,11572,NASSAU,(516) 632-3000,MORT_30_COPD,Death rate for COPD patients,No Different Than the National Rate,503,7.5,5.9,9.4,,07/01/2017,12/01/2019
330198,MOUNT SINAI SOUTH NASSAU,ONE HEALTHY WAY,OCEANSIDE,NY,11572,NASSAU,(516) 632-3000,MORT_30_HF,Death rate for heart failure patients,No Different Than the National Rate,717,9.8,8.1,11.8,,07/01/2017,12/01/2019
330198,MOUNT SINAI SOUTH NASSAU,ONE HEALTHY WAY,OCEANSIDE,NY,11572,NASSAU,(516) 632-3000,MORT_30_PN,Death rate for pneumonia patients,No Different Than the National Rate,1337,15.3,13.8,16.9,,07/01/2017,12/01/2019
330198,MOUNT SINAI SOUTH NASSAU,ONE HEALTHY WAY,OCEANSIDE,NY,11572,NASSAU,(516) 632-3000,MORT_30_STK,Death rate for stroke patients,No Different Than the National Rate,356,12.4,10.0,14.9,,07/01/2017,12/01/2019
330198,MOUNT SINAI SOUTH NASSAU,ONE HEALTHY WAY,OCEANSIDE,NY,11572,NASSAU,(516) 632-3000,PSI_03,Pressure ulcer rate,No Different Than the National Rate,8402,0.74,0.2,1.28,,07/01/2018,12/31/2019
330198,MOUNT SINAI SOUTH NASSAU,ONE HEALTHY WAY,OCEANSIDE,NY,11572,NASSAU,(516) 632-3000,PSI_04,Death rate among surgical inpatients with serious treatable complications,Worse Than the National Rate,88,214.41,172.29,256.53,,07/01/2018,12/31/2019
330198,MOUNT SINAI SOUTH NASSAU,ONE HEALTHY WAY,OCEANSIDE,NY,11572,NASSAU,(516) 632-3000,PSI_06,Iatrogenic pneumothorax rate,No Different Than the National Rate,9755,0.25,0.09,0.41,,07/01/2018,12/31/2019
330198,MOUNT SINAI SOUTH NASSAU,ONE HEALTHY WAY,OCEANSIDE,NY,11572,NASSAU,(516) 632-3000,PSI_08,In-hospital fall with hip fracture rate,No Different Than the National Rate,8266,0.09,0.02,0.15,,07/01/2018,12/31/2019
330198,MOUNT SINAI SOUTH NASSAU,ONE HEALTHY WAY,OCEANSIDE,NY,11572,NASSAU,(516) 632-3000,PSI_09,Perioperative hemorrhage or hematoma rate,No Different Than the National Rate,1981,1.97,0.63,3.3,,07/01/2018,12/31/2019
330198,MOUNT SINAI SOUTH NASSAU,ONE HEALTHY WAY,OCEANSIDE,NY,11572,NASSAU,(516) 632-3000,PSI_10,Postoperative acute kidney injury requiring dialysis rate,No Different Than the National Rate,572,1.57,0.37,2.77,,07/01/2018,12/31/2019
330198,MOUNT SINAI SOUTH NASSAU,ONE HEALTHY WAY,OCEANSIDE,NY,11572,NASSAU,(516) 632-3000,PSI_11,Postoperative respiratory failure rate,No Different Than the National Rate,520,6.24,2.44,10.04,,07/01/2018,12/31/2019
330198,MOUNT SINAI SOUTH NASSAU,ONE HEALTHY WAY,OCEANSIDE,NY,11572,NASSAU,(516) 632-3000,PSI_12,Perioperative pulmonary embolism or deep vein thrombosis rate,No Different Than the National Rate,2022,3.61,1.60,5.63,,07/01/2018,12/31/2019
330198,MOUNT SINAI SOUTH NASSAU,ONE HEALTHY WAY,OCEANSIDE,NY,11572,NASSAU,(516) 632-3000,PSI_13,Postoperative sepsis rate,No Different Than the National Rate,556,5.42,2.51,8.34,,07/01/2018,12/31/2019
330198,MOUNT SINAI SOUTH NASSAU,ONE HEALTHY WAY,OCEANSIDE,NY,11572,NASSAU,(516) 632-3000,PSI_14,Postoperative wound dehiscence rate,No Different Than the National Rate,637,0.79,0.09,1.49,,07/01/2018,12/31/2019
330198,MOUNT SINAI SOUTH NASSAU,ONE HEALTHY WAY,OCEANSIDE,NY,11572,NASSAU,(516) 632-3000,PSI_15,Abdominopelvic accidental puncture or laceration rate,No Different Than the National Rate,1941,1.88,0.84,2.91,,07/01/2018,12/31/2019
330198,MOUNT SINAI SOUTH NASSAU,ONE HEALTHY WAY,OCEANSIDE,NY,11572,NASSAU,(516) 632-3000,PSI_90,CMS Medicare PSI 90: Patient safety and adverse events composite,No Different Than the National Value,Not Applicable,1.13,0.83,1.42,,07/01/2018,12/31/2019
330259,MERCY MEDICAL CENTER,1000 NORTH VILLAGE AVENUE,ROCKVILLE CENTRE,NY,11570,NASSAU,(516) 705-2525,COMP_HIP_KNEE,Rate of complications for hip/knee replacement patients,No Different Than the National Rate,73,2.4,1.3,4.1,,04/01/2017,10/02/2019
330259,MERCY MEDICAL CENTER,1000 NORTH VILLAGE AVENUE,ROCKVILLE CENTRE,NY,11570,NASSAU,(516) 705-2525,MORT_30_AMI,Death rate for heart attack patients,No Different Than the National Rate,79,10.8,8.4,13.6,,07/01/2017,12/01/2019
330259,MERCY MEDICAL CENTER,1000 NORTH VILLAGE AVENUE,ROCKVILLE CENTRE,NY,11570,NASSAU,(516) 705-2525,MORT_30_CABG,Death rate for CABG surgery patients,Not Available,Not Available,Not Available,Not Available,Not Available,5,07/01/2017,12/01/2019
330259,MERCY MEDICAL CENTER,1000 NORTH VILLAGE AVENUE,ROCKVILLE CENTRE,NY,11570,NASSAU,(516) 705-2525,MORT_30_COPD,Death rate for COPD patients,No Different Than the National Rate,196,8.3,6.1,11.1,,07/01/2017,12/01/2019
330259,MERCY MEDICAL CENTER,1000 NORTH VILLAGE AVENUE,ROCKVILLE CENTRE,NY,11570,NASSAU,(516) 705-2525,MORT_30_HF,Death rate for heart failure patients,No Different Than the National Rate,261,8.8,6.6,11.6,,07/01/2017,12/01/2019
330259,MERCY MEDICAL CENTER,1000 NORTH VILLAGE AVENUE,ROCKVILLE CENTRE,NY,11570,NASSAU,(516) 705-2525,MORT_30_PN,Death rate for pneumonia patients,Worse Than the National Rate,378,18.5,15.8,21.7,,07/01/2017,12/01/2019
330259,MERCY MEDICAL CENTER,1000 NORTH VILLAGE AVENUE,ROCKVILLE CENTRE,NY,11570,NASSAU,(516) 705-2525,MORT_30_STK,Death rate for stroke patients,No Different Than the National Rate,121,13.4,10.2,17.4,,07/01/2017,12/01/2019
330259,MERCY MEDICAL CENTER,1000 NORTH VILLAGE AVENUE,ROCKVILLE CENTRE,NY,11570,NASSAU,(516) 705-2525,PSI_03,Pressure ulcer rate,Worse Than the National Rate,3619,4.78,3.98,5.59,,07/01/2018,12/31/2019
330259,MERCY MEDICAL CENTER,1000 NORTH VILLAGE AVENUE,ROCKVILLE CENTRE,NY,11570,NASSAU,(516) 705-2525,PSI_04,Death rate among surgical inpatients with serious treatable complications,Number of Cases Too Small,Not Available,Not Available,Not Available,Not Available,1,07/01/2018,12/31/2019
330259,MERCY MEDICAL CENTER,1000 NORTH VILLAGE AVENUE,ROCKVILLE CENTRE,NY,11570,NASSAU,(516) 705-2525,PSI_06,Iatrogenic pneumothorax rate,No Different Than the National Rate,4214,0.24,0.06,0.42,,07/01/2018,12/31/2019
330259,MERCY MEDICAL CENTER,1000 NORTH VILLAGE AVENUE,ROCKVILLE CENTRE,NY,11570,NASSAU,(516) 705-2525,PSI_08,In-hospital fall with hip fracture rate,No Different Than the National Rate,3470,0.09,0.02,0.16,,07/01/2018,12/31/2019
330259,MERCY MEDICAL CENTER,1000 NORTH VILLAGE AVENUE,ROCKVILLE CENTRE,NY,11570,NASSAU,(516) 705-2525,PSI_09,Perioperative hemorrhage or hematoma rate,No Different Than the National Rate,487,2.52,1,4.03,,07/01/2018,12/31/2019
330259,MERCY MEDICAL CENTER,1000 NORTH VILLAGE AVENUE,ROCKVILLE CENTRE,NY,11570,NASSAU,(516) 705-2525,PSI_10,Postoperative acute kidney injury requiring dialysis rate,No Different Than the National Rate,142,1.40,0.16,2.65,,07/01/2018,12/31/2019
330259,MERCY MEDICAL CENTER,1000 NORTH VILLAGE AVENUE,ROCKVILLE CENTRE,NY,11570,NASSAU,(516) 705-2525,PSI_11,Postoperative respiratory failure rate,No Different Than the National Rate,131,5.69,1.13,10.24,,07/01/2018,12/31/2019
330259,MERCY MEDICAL CENTER,1000 NORTH VILLAGE AVENUE,ROCKVILLE CENTRE,NY,11570,NASSAU,(516) 705-2525,PSI_12,Perioperative pulmonary embolism or deep vein thrombosis rate,No Different Than the National Rate,497,5.35,2.67,8.03,,07/01/2018,12/31/2019
330259,MERCY MEDICAL CENTER,1000 NORTH VILLAGE AVENUE,ROCKVILLE CENTRE,NY,11570,NASSAU,(516) 705-2525,PSI_13,Postoperative sepsis rate,No Different Than the National Rate,148,4.45,1.2,7.7,,07/01/2018,12/31/2019
330259,MERCY MEDICAL CENTER,1000 NORTH VILLAGE AVENUE,ROCKVILLE CENTRE,NY,11570,NASSAU,(516) 705-2525,PSI_14,Postoperative wound dehiscence rate,No Different Than the National Rate,185,0.84,0.12,1.56,,07/01/2018,12/31/2019
330259,MERCY MEDICAL CENTER,1000 NORTH VILLAGE AVENUE,ROCKVILLE CENTRE,NY,11570,NASSAU,(516) 705-2525,PSI_15,Abdominopelvic accidental puncture or laceration rate,No Different Than the National Rate,671,1.38,0.13,2.64,,07/01/2018,12/31/2019
330259,MERCY MEDICAL CENTER,1000 NORTH VILLAGE AVENUE,ROCKVILLE CENTRE,NY,11570,NASSAU,(516) 705-2525,PSI_90,CMS Medicare PSI 90: Patient safety and adverse events composite,Worse Than the National Value,Not Applicable,2.29,1.92,2.66,,07/01/2018,12/31/2019
330331,PLAINVIEW HOSPITAL,888 OLD COUNTRY ROAD,PLAINVIEW,NY,11803,NASSAU,(516) 719-3000,COMP_HIP_KNEE,Rate of complications for hip/knee replacement patients,No Different Than the National Rate,217,2.4,1.5,3.9,,04/01/2017,10/02/2019
330331,PLAINVIEW HOSPITAL,888 OLD COUNTRY ROAD,PLAINVIEW,NY,11803,NASSAU,(516) 719-3000,MORT_30_AMI,Death rate for heart attack patients,No Different Than the National Rate,68,11.4,8.8,14.7,,07/01/2017,12/01/2019
330331,PLAINVIEW HOSPITAL,888 OLD COUNTRY ROAD,PLAINVIEW,NY,11803,NASSAU,(516) 719-3000,MORT_30_CABG,Death rate for CABG surgery patients,Not Available,Not Available,Not Available,Not Available,Not Available,5,07/01/2017,12/01/2019
330331,PLAINVIEW HOSPITAL,888 OLD COUNTRY ROAD,PLAINVIEW,NY,11803,NASSAU,(516) 719-3000,MORT_30_COPD,Death rate for COPD patients,No Different Than the National Rate,139,7.8,5.5,11.1,,07/01/2017,12/01/2019
330331,PLAINVIEW HOSPITAL,888 OLD COUNTRY ROAD,PLAINVIEW,NY,11803,NASSAU,(516) 719-3000,MORT_30_HF,Death rate for heart failure patients,No Different Than the National Rate,431,11.5,9.4,14.0,,07/01/2017,12/01/2019
330331,PLAINVIEW HOSPITAL,888 OLD COUNTRY ROAD,PLAINVIEW,NY,11803,NASSAU,(516) 719-3000,MORT_30_PN,Death rate for pneumonia patients,No Different Than the National Rate,569,16.2,13.9,18.6,,07/01/2017,12/01/2019
330331,PLAINVIEW HOSPITAL,888 OLD COUNTRY ROAD,PLAINVIEW,NY,11803,NASSAU,(516) 719-3000,MORT_30_STK,Death rate for stroke patients,No Different Than the National Rate,149,11.9,9.2,15.5,,07/01/2017,12/01/2019
330331,PLAINVIEW HOSPITAL,888 OLD COUNTRY ROAD,PLAINVIEW,NY,11803,NASSAU,(516) 719-3000,PSI_03,Pressure ulcer rate,No Different Than the National Rate,4356,0.36,0,1.05,,07/01/2018,12/31/2019
330331,PLAINVIEW HOSPITAL,888 OLD COUNTRY ROAD,PLAINVIEW,NY,11803,NASSAU,(516) 719-3000,PSI_04,Death rate among surgical inpatients with serious treatable complications,No Different Than the National Rate,25,171.60,117.9,225.31,,07/01/2018,12/31/2019
330331,PLAINVIEW HOSPITAL,888 OLD COUNTRY ROAD,PLAINVIEW,NY,11803,NASSAU,(516) 719-3000,PSI_06,Iatrogenic pneumothorax rate,No Different Than the National Rate,5377,0.24,0.06,0.42,,07/01/2018,12/31/2019
330331,PLAINVIEW HOSPITAL,888 OLD COUNTRY ROAD,PLAINVIEW,NY,11803,NASSAU,(516) 719-3000,PSI_08,In-hospital fall with hip fracture rate,No Different Than the National Rate,4698,0.09,0.02,0.16,,07/01/2018,12/31/2019
330331,PLAINVIEW HOSPITAL,888 OLD COUNTRY ROAD,PLAINVIEW,NY,11803,NASSAU,(516) 719-3000,PSI_09,Perioperative hemorrhage or hematoma rate,No Different Than the National Rate,816,2.46,0.96,3.96,,07/01/2018,12/31/2019
330331,PLAINVIEW HOSPITAL,888 OLD COUNTRY ROAD,PLAINVIEW,NY,11803,NASSAU,(516) 719-3000,PSI_10,Postoperative acute kidney injury requiring dialysis rate,No Different Than the National Rate,235,1.40,0.16,2.65,,07/01/2018,12/31/2019
330331,PLAINVIEW HOSPITAL,888 OLD COUNTRY ROAD,PLAINVIEW,NY,11803,NASSAU,(516) 719-3000,PSI_11,Postoperative respiratory failure rate,No Different Than the National Rate,238,5.38,0.96,9.81,,07/01/2018,12/31/2019
330331,PLAINVIEW HOSPITAL,888 OLD COUNTRY ROAD,PLAINVIEW,NY,11803,NASSAU,(516) 719-3000,PSI_12,Perioperative pulmonary embolism or deep vein thrombosis rate,No Different Than the National Rate,856,3.94,1.52,6.36,,07/01/2018,12/31/2019
330331,PLAINVIEW HOSPITAL,888 OLD COUNTRY ROAD,PLAINVIEW,NY,11803,NASSAU,(516) 719-3000,PSI_13,Postoperative sepsis rate,No Different Than the National Rate,235,5.15,1.86,8.43,,07/01/2018,12/31/2019
330331,PLAINVIEW HOSPITAL,888 OLD COUNTRY ROAD,PLAINVIEW,NY,11803,NASSAU,(516) 719-3000,PSI_14,Postoperative wound dehiscence rate,No Different Than the National Rate,234,0.83,0.11,1.54,,07/01/2018,12/31/2019
330331,PLAINVIEW HOSPITAL,888 OLD COUNTRY ROAD,PLAINVIEW,NY,11803,NASSAU,(516) 719-3000,PSI_15,Abdominopelvic accidental puncture or laceration rate,No Different Than the National Rate,1059,0.92,0,2.09,,07/01/2018,12/31/2019
330331,PLAINVIEW HOSPITAL,888 OLD COUNTRY ROAD,PLAINVIEW,NY,11803,NASSAU,(516) 719-3000,PSI_90,CMS Medicare PSI 90: Patient safety and adverse events composite,No Different Than the National Value,Not Applicable,0.96,0.62,1.3,,07/01/2018,12/31/2019
330332,CHSLI ST JOSEPH HOSPITAL,4295 HEMPSTEAD TURNPIKE,BETHPAGE,NY,11714,NASSAU,(516) 579-6000,COMP_HIP_KNEE,Rate of complications for hip/knee replacement patients,Number of Cases Too Small,Not Available,Not Available,Not Available,Not Available,1,04/01/2017,10/02/2019
330332,CHSLI ST JOSEPH HOSPITAL,4295 HEMPSTEAD TURNPIKE,BETHPAGE,NY,11714,NASSAU,(516) 579-6000,MORT_30_AMI,Death rate for heart attack patients,No Different Than the National Rate,68,12.8,10.0,16.3,,07/01/2017,12/01/2019
330332,CHSLI ST JOSEPH HOSPITAL,4295 HEMPSTEAD TURNPIKE,BETHPAGE,NY,11714,NASSAU,(516) 579-6000,MORT_30_CABG,Death rate for CABG surgery patients,Not Available,Not Available,Not Available,Not Available,Not Available,5,07/01/2017,12/01/2019
330332,CHSLI ST JOSEPH HOSPITAL,4295 HEMPSTEAD TURNPIKE,BETHPAGE,NY,11714,NASSAU,(516) 579-6000,MORT_30_COPD,Death rate for COPD patients,No Different Than the National Rate,285,8.5,6.4,11.2,,07/01/2017,12/01/2019
330332,CHSLI ST JOSEPH HOSPITAL,4295 HEMPSTEAD TURNPIKE,BETHPAGE,NY,11714,NASSAU,(516) 579-6000,MORT_30_HF,Death rate for heart failure patients,No Different Than the National Rate,421,13.7,11.0,16.5,,07/01/2017,12/01/2019
330332,CHSLI ST JOSEPH HOSPITAL,4295 HEMPSTEAD TURNPIKE,BETHPAGE,NY,11714,NASSAU,(516) 579-6000,MORT_30_PN,Death rate for pneumonia patients,No Different Than the National Rate,461,17.5,14.8,20.4,,07/01/2017,12/01/2019
330332,CHSLI ST JOSEPH HOSPITAL,4295 HEMPSTEAD TURNPIKE,BETHPAGE,NY,11714,NASSAU,(516) 579-6000,MORT_30_STK,Death rate for stroke patients,No Different Than the National Rate,165,13.5,10.2,17.5,,07/01/2017,12/01/2019
330332,CHSLI ST JOSEPH HOSPITAL,4295 HEMPSTEAD TURNPIKE,BETHPAGE,NY,11714,NASSAU,(516) 579-6000,PSI_03,Pressure ulcer rate,No Different Than the National Rate,3598,1.41,0.58,2.24,,07/01/2018,12/31/2019
330332,CHSLI ST JOSEPH HOSPITAL,4295 HEMPSTEAD TURNPIKE,BETHPAGE,NY,11714,NASSAU,(516) 579-6000,PSI_04,Death rate among surgical inpatients with serious treatable complications,Number of Cases Too Small,Not Available,Not Available,Not Available,Not Available,1,07/01/2018,12/31/2019
330332,CHSLI ST JOSEPH HOSPITAL,4295 HEMPSTEAD TURNPIKE,BETHPAGE,NY,11714,NASSAU,(516) 579-6000,PSI_06,Iatrogenic pneumothorax rate,No Different Than the National Rate,4416,0.20,0.02,0.38,,07/01/2018,12/31/2019
330332,CHSLI ST JOSEPH HOSPITAL,4295 HEMPSTEAD TURNPIKE,BETHPAGE,NY,11714,NASSAU,(516) 579-6000,PSI_08,In-hospital fall with hip fracture rate,No Different Than the National Rate,3659,0.10,0.04,0.17,,07/01/2018,12/31/2019
330332,CHSLI ST JOSEPH HOSPITAL,4295 HEMPSTEAD TURNPIKE,BETHPAGE,NY,11714,NASSAU,(516) 579-6000,PSI_09,Perioperative hemorrhage or hematoma rate,No Different Than the National Rate,515,2.32,0.8,3.85,,07/01/2018,12/31/2019
330332,CHSLI ST JOSEPH HOSPITAL,4295 HEMPSTEAD TURNPIKE,BETHPAGE,NY,11714,NASSAU,(516) 579-6000,PSI_10,Postoperative acute kidney injury requiring dialysis rate,No Different Than the National Rate,63,1.39,0.16,2.63,,07/01/2018,12/31/2019
330332,CHSLI ST JOSEPH HOSPITAL,4295 HEMPSTEAD TURNPIKE,BETHPAGE,NY,11714,NASSAU,(516) 579-6000,PSI_11,Postoperative respiratory failure rate,No Different Than the National Rate,63,4.82,0.16,9.47,,07/01/2018,12/31/2019
330332,CHSLI ST JOSEPH HOSPITAL,4295 HEMPSTEAD TURNPIKE,BETHPAGE,NY,11714,NASSAU,(516) 579-6000,PSI_12,Perioperative pulmonary embolism or deep vein thrombosis rate,No Different Than the National Rate,535,4.20,1.56,6.84,,07/01/2018,12/31/2019
330332,CHSLI ST JOSEPH HOSPITAL,4295 HEMPSTEAD TURNPIKE,BETHPAGE,NY,11714,NASSAU,(516) 579-6000,PSI_13,Postoperative sepsis rate,No Different Than the National Rate,60,4.73,1.38,8.08,,07/01/2018,12/31/2019
330332,CHSLI ST JOSEPH HOSPITAL,4295 HEMPSTEAD TURNPIKE,BETHPAGE,NY,11714,NASSAU,(516) 579-6000,PSI_14,Postoperative wound dehiscence rate,No Different Than the National Rate,170,0.84,0.12,1.56,,07/01/2018,12/31/2019
330332,CHSLI ST JOSEPH HOSPITAL,4295 HEMPSTEAD TURNPIKE,BETHPAGE,NY,11714,NASSAU,(516) 579-6000,PSI_15,Abdominopelvic accidental puncture or laceration rate,No Different Than the National Rate,822,1.34,0.11,2.58,,07/01/2018,12/31/2019
330332,CHSLI ST JOSEPH HOSPITAL,4295 HEMPSTEAD TURNPIKE,BETHPAGE,NY,11714,NASSAU,(516) 579-6000,PSI_90,CMS Medicare PSI 90: Patient safety and adverse events composite,No Different Than the National Value,Not Applicable,1.24,0.87,1.62,,07/01/2018,12/31/2019
330043,NS/LIJ HS SOUTHSIDE HOSPITAL,301 EAST MAIN STREET,BAY SHORE,NY,11706,SUFFOLK,(631) 968-3000,COMP_HIP_KNEE,Rate of complications for hip/knee replacement patients,No Different Than the National Rate,592,1.7,1.1,2.6,,04/01/2017,10/02/2019
330043,NS/LIJ HS SOUTHSIDE HOSPITAL,301 EAST MAIN STREET,BAY SHORE,NY,11706,SUFFOLK,(631) 968-3000,MORT_30_AMI,Death rate for heart attack patients,No Different Than the National Rate,165,13,10.5,15.8,,07/01/2017,12/01/2019
330043,NS/LIJ HS SOUTHSIDE HOSPITAL,301 EAST MAIN STREET,BAY SHORE,NY,11706,SUFFOLK,(631) 968-3000,MORT_30_CABG,Death rate for CABG surgery patients,No Different Than the National Rate,137,2.6,1.4,4.8,,07/01/2017,12/01/2019
330043,NS/LIJ HS SOUTHSIDE HOSPITAL,301 EAST MAIN STREET,BAY SHORE,NY,11706,SUFFOLK,(631) 968-3000,MORT_30_COPD,Death rate for COPD patients,No Different Than the National Rate,260,7,5.1,9.6,,07/01/2017,12/01/2019
330043,NS/LIJ HS SOUTHSIDE HOSPITAL,301 EAST MAIN STREET,BAY SHORE,NY,11706,SUFFOLK,(631) 968-3000,MORT_30_HF,Death rate for heart failure patients,No Different Than the National Rate,642,10.9,9.1,13.1,,07/01/2017,12/01/2019
330043,NS/LIJ HS SOUTHSIDE HOSPITAL,301 EAST MAIN STREET,BAY SHORE,NY,11706,SUFFOLK,(631) 968-3000,MORT_30_PN,Death rate for pneumonia patients,No Different Than the National Rate,649,15.3,13.1,17.6,,07/01/2017,12/01/2019
330043,NS/LIJ HS SOUTHSIDE HOSPITAL,301 EAST MAIN STREET,BAY SHORE,NY,11706,SUFFOLK,(631) 968-3000,MORT_30_STK,Death rate for stroke patients,No Different Than the National Rate,265,12.4,9.8,15.5,,07/01/2017,12/01/2019
330043,NS/LIJ HS SOUTHSIDE HOSPITAL,301 EAST MAIN STREET,BAY SHORE,NY,11706,SUFFOLK,(631) 968-3000,PSI_03,Pressure ulcer rate,No Different Than the National Rate,7180,0.28,0,0.77,,07/01/2018,12/31/2019
330043,NS/LIJ HS SOUTHSIDE HOSPITAL,301 EAST MAIN STREET,BAY SHORE,NY,11706,SUFFOLK,(631) 968-3000,PSI_04,Death rate among surgical inpatients with serious treatable complications,No Different Than the National Rate,91,190.92,147.27,234.57,,07/01/2018,12/31/2019
330043,NS/LIJ HS SOUTHSIDE HOSPITAL,301 EAST MAIN STREET,BAY SHORE,NY,11706,SUFFOLK,(631) 968-3000,PSI_06,Iatrogenic pneumothorax rate,No Different Than the National Rate,9058,0.24,0.08,0.39,,07/01/2018,12/31/2019
330043,NS/LIJ HS SOUTHSIDE HOSPITAL,301 EAST MAIN STREET,BAY SHORE,NY,11706,SUFFOLK,(631) 968-3000,PSI_08,In-hospital fall with hip fracture rate,No Different Than the National Rate,7793,0.09,0.02,0.15,,07/01/2018,12/31/2019
330043,NS/LIJ HS SOUTHSIDE HOSPITAL,301 EAST MAIN STREET,BAY SHORE,NY,11706,SUFFOLK,(631) 968-3000,PSI_09,Perioperative hemorrhage or hematoma rate,No Different Than the National Rate,2507,2.88,1.66,4.11,,07/01/2018,12/31/2019
330043,NS/LIJ HS SOUTHSIDE HOSPITAL,301 EAST MAIN STREET,BAY SHORE,NY,11706,SUFFOLK,(631) 968-3000,PSI_10,Postoperative acute kidney injury requiring dialysis rate,No Different Than the National Rate,1070,1.45,0.39,2.51,,07/01/2018,12/31/2019
330043,NS/LIJ HS SOUTHSIDE HOSPITAL,301 EAST MAIN STREET,BAY SHORE,NY,11706,SUFFOLK,(631) 968-3000,PSI_11,Postoperative respiratory failure rate,No Different Than the National Rate,787,4.76,0.95,8.57,,07/01/2018,12/31/2019
330043,NS/LIJ HS SOUTHSIDE HOSPITAL,301 EAST MAIN STREET,BAY SHORE,NY,11706,SUFFOLK,(631) 968-3000,PSI_12,Perioperative pulmonary embolism or deep vein thrombosis rate,No Different Than the National Rate,2651,2.77,0.93,4.60,,07/01/2018,12/31/2019
330043,NS/LIJ HS SOUTHSIDE HOSPITAL,301 EAST MAIN STREET,BAY SHORE,NY,11706,SUFFOLK,(631) 968-3000,PSI_13,Postoperative sepsis rate,No Different Than the National Rate,1077,4.07,1.44,6.71,,07/01/2018,12/31/2019
330043,NS/LIJ HS SOUTHSIDE HOSPITAL,301 EAST MAIN STREET,BAY SHORE,NY,11706,SUFFOLK,(631) 968-3000,PSI_14,Postoperative wound dehiscence rate,No Different Than the National Rate,387,0.96,0.25,1.66,,07/01/2018,12/31/2019
330043,NS/LIJ HS SOUTHSIDE HOSPITAL,301 EAST MAIN STREET,BAY SHORE,NY,11706,SUFFOLK,(631) 968-3000,PSI_15,Abdominopelvic accidental puncture or laceration rate,No Different Than the National Rate,1547,1.61,0.58,2.63,,07/01/2018,12/31/2019
330043,NS/LIJ HS SOUTHSIDE HOSPITAL,301 EAST MAIN STREET,BAY SHORE,NY,11706,SUFFOLK,(631) 968-3000,PSI_90,CMS Medicare PSI 90: Patient safety and adverse events composite,No Different Than the National Value,Not Applicable,0.84,0.57,1.1,,07/01/2018,12/31/2019
330045,NS/LIJ HS HUNTINGTON HOSPITAL,270 PARK AVENUE,HUNTINGTON,NY,11743,SUFFOLK,(631) 351-2000,COMP_HIP_KNEE,Rate of complications for hip/knee replacement patients,No Different Than the National Rate,553,1.7,1.1,2.6,,04/01/2017,10/02/2019
330045,NS/LIJ HS HUNTINGTON HOSPITAL,270 PARK AVENUE,HUNTINGTON,NY,11743,SUFFOLK,(631) 351-2000,MORT_30_AMI,Death rate for heart attack patients,No Different Than the National Rate,278,11.4,9.5,13.6,,07/01/2017,12/01/2019
330045,NS/LIJ HS HUNTINGTON HOSPITAL,270 PARK AVENUE,HUNTINGTON,NY,11743,SUFFOLK,(631) 351-2000,MORT_30_CABG,Death rate for CABG surgery patients,Not Available,Not Available,Not Available,Not Available,Not Available,5,07/01/2017,12/01/2019
330045,NS/LIJ HS HUNTINGTON HOSPITAL,270 PARK AVENUE,HUNTINGTON,NY,11743,SUFFOLK,(631) 351-2000,MORT_30_COPD,Death rate for COPD patients,No Different Than the National Rate,287,6.4,4.8,8.5,,07/01/2017,12/01/2019
330045,NS/LIJ HS HUNTINGTON HOSPITAL,270 PARK AVENUE,HUNTINGTON,NY,11743,SUFFOLK,(631) 351-2000,MORT_30_HF,Death rate for heart failure patients,Better Than the National Rate,859,8.1,6.9,9.5,,07/01/2017,12/01/2019
330045,NS/LIJ HS HUNTINGTON HOSPITAL,270 PARK AVENUE,HUNTINGTON,NY,11743,SUFFOLK,(631) 351-2000,MORT_30_PN,Death rate for pneumonia patients,Better Than the National Rate,1104,10.8,9.5,12.3,,07/01/2017,12/01/2019
330045,NS/LIJ HS HUNTINGTON HOSPITAL,270 PARK AVENUE,HUNTINGTON,NY,11743,SUFFOLK,(631) 351-2000,MORT_30_STK,Death rate for stroke patients,No Different Than the National Rate,267,12,9.7,14.8,,07/01/2017,12/01/2019
330045,NS/LIJ HS HUNTINGTON HOSPITAL,270 PARK AVENUE,HUNTINGTON,NY,11743,SUFFOLK,(631) 351-2000,PSI_03,Pressure ulcer rate,Better Than the National Rate,8430,0.07,0,0.53,,07/01/2018,12/31/2019
330045,NS/LIJ HS HUNTINGTON HOSPITAL,270 PARK AVENUE,HUNTINGTON,NY,11743,SUFFOLK,(631) 351-2000,PSI_04,Death rate among surgical inpatients with serious treatable complications,No Different Than the National Rate,70,141.38,92.82,189.95,,07/01/2018,12/31/2019
330045,NS/LIJ HS HUNTINGTON HOSPITAL,270 PARK AVENUE,HUNTINGTON,NY,11743,SUFFOLK,(631) 351-2000,PSI_06,Iatrogenic pneumothorax rate,No Different Than the National Rate,10207,0.15,0,0.3,,07/01/2018,12/31/2019
330045,NS/LIJ HS HUNTINGTON HOSPITAL,270 PARK AVENUE,HUNTINGTON,NY,11743,SUFFOLK,(631) 351-2000,PSI_08,In-hospital fall with hip fracture rate,No Different Than the National Rate,8477,0.08,0.02,0.15,,07/01/2018,12/31/2019
330045,NS/LIJ HS HUNTINGTON HOSPITAL,270 PARK AVENUE,HUNTINGTON,NY,11743,SUFFOLK,(631) 351-2000,PSI_09,Perioperative hemorrhage or hematoma rate,No Different Than the National Rate,2109,2.32,0.99,3.66,,07/01/2018,12/31/2019
330045,NS/LIJ HS HUNTINGTON HOSPITAL,270 PARK AVENUE,HUNTINGTON,NY,11743,SUFFOLK,(631) 351-2000,PSI_10,Postoperative acute kidney injury requiring dialysis rate,No Different Than the National Rate,892,1.25,0.07,2.42,,07/01/2018,12/31/2019
330045,NS/LIJ HS HUNTINGTON HOSPITAL,270 PARK AVENUE,HUNTINGTON,NY,11743,SUFFOLK,(631) 351-2000,PSI_11,Postoperative respiratory failure rate,No Different Than the National Rate,849,6.32,2.89,9.74,,07/01/2018,12/31/2019
330045,NS/LIJ HS HUNTINGTON HOSPITAL,270 PARK AVENUE,HUNTINGTON,NY,11743,SUFFOLK,(631) 351-2000,PSI_12,Perioperative pulmonary embolism or deep vein thrombosis rate,No Different Than the National Rate,2199,3.10,1.23,4.96,,07/01/2018,12/31/2019
330045,NS/LIJ HS HUNTINGTON HOSPITAL,270 PARK AVENUE,HUNTINGTON,NY,11743,SUFFOLK,(631) 351-2000,PSI_13,Postoperative sepsis rate,No Different Than the National Rate,886,3.79,1.13,6.44,,07/01/2018,12/31/2019
330045,NS/LIJ HS HUNTINGTON HOSPITAL,270 PARK AVENUE,HUNTINGTON,NY,11743,SUFFOLK,(631) 351-2000,PSI_14,Postoperative wound dehiscence rate,No Different Than the National Rate,492,0.80,0.1,1.51,,07/01/2018,12/31/2019
330045,NS/LIJ HS HUNTINGTON HOSPITAL,270 PARK AVENUE,HUNTINGTON,NY,11743,SUFFOLK,(631) 351-2000,PSI_15,Abdominopelvic accidental puncture or laceration rate,No Different Than the National Rate,1582,0.70,0,1.73,,07/01/2018,12/31/2019
330045,NS/LIJ HS HUNTINGTON HOSPITAL,270 PARK AVENUE,HUNTINGTON,NY,11743,SUFFOLK,(631) 351-2000,PSI_90,CMS Medicare PSI 90: Patient safety and adverse events composite,No Different Than the National Value,Not Applicable,0.76,0.5,1.02,,07/01/2018,12/31/2019
330107,PECONIC BAY MEDICAL CENTER,1 HEROS WAY,RIVERHEAD,NY,11901,SUFFOLK,(631) 548-6000,COMP_HIP_KNEE,Rate of complications for hip/knee replacement patients,Better Than the National Rate,962,1.6,1.1,2.3,,04/01/2017,10/02/2019
330107,PECONIC BAY MEDICAL CENTER,1 HEROS WAY,RIVERHEAD,NY,11901,SUFFOLK,(631) 548-6000,MORT_30_AMI,Death rate for heart attack patients,No Different Than the National Rate,89,11.9,9.4,14.9,,07/01/2017,12/01/2019
330107,PECONIC BAY MEDICAL CENTER,1 HEROS WAY,RIVERHEAD,NY,11901,SUFFOLK,(631) 548-6000,MORT_30_CABG,Death rate for CABG surgery patients,Not Available,Not Available,Not Available,Not Available,Not Available,5,07/01/2017,12/01/2019
330107,PECONIC BAY MEDICAL CENTER,1 HEROS WAY,RIVERHEAD,NY,11901,SUFFOLK,(631) 548-6000,MORT_30_COPD,Death rate for COPD patients,No Different Than the National Rate,258,8.7,6.7,11.3,,07/01/2017,12/01/2019
330107,PECONIC BAY MEDICAL CENTER,1 HEROS WAY,RIVERHEAD,NY,11901,SUFFOLK,(631) 548-6000,MORT_30_HF,Death rate for heart failure patients,No Different Than the National Rate,394,9.7,7.6,12.3,,07/01/2017,12/01/2019
330107,PECONIC BAY MEDICAL CENTER,1 HEROS WAY,RIVERHEAD,NY,11901,SUFFOLK,(631) 548-6000,MORT_30_PN,Death rate for pneumonia patients,No Different Than the National Rate,477,15.3,12.8,18.1,,07/01/2017,12/01/2019
330107,PECONIC BAY MEDICAL CENTER,1 HEROS WAY,RIVERHEAD,NY,11901,SUFFOLK,(631) 548-6000,MORT_30_STK,Death rate for stroke patients,No Different Than the National Rate,149,12.4,9.4,15.8,,07/01/2017,12/01/2019
330107,PECONIC BAY MEDICAL CENTER,1 HEROS WAY,RIVERHEAD,NY,11901,SUFFOLK,(631) 548-6000,PSI_03,Pressure ulcer rate,No Different Than the National Rate,4012,0.17,0,0.91,,07/01/2018,12/31/2019
330107,PECONIC BAY MEDICAL CENTER,1 HEROS WAY,RIVERHEAD,NY,11901,SUFFOLK,(631) 548-6000,PSI_04,Death rate among surgical inpatients with serious treatable complications,No Different Than the National Rate,29,150.88,97.19,204.57,,07/01/2018,12/31/2019
330107,PECONIC BAY MEDICAL CENTER,1 HEROS WAY,RIVERHEAD,NY,11901,SUFFOLK,(631) 548-6000,PSI_06,Iatrogenic pneumothorax rate,No Different Than the National Rate,6140,0.20,0.02,0.38,,07/01/2018,12/31/2019
330107,PECONIC BAY MEDICAL CENTER,1 HEROS WAY,RIVERHEAD,NY,11901,SUFFOLK,(631) 548-6000,PSI_08,In-hospital fall with hip fracture rate,No Different Than the National Rate,5339,0.09,0.02,0.16,,07/01/2018,12/31/2019
330107,PECONIC BAY MEDICAL CENTER,1 HEROS WAY,RIVERHEAD,NY,11901,SUFFOLK,(631) 548-6000,PSI_09,Perioperative hemorrhage or hematoma rate,No Different Than the National Rate,1519,2.36,0.89,3.82,,07/01/2018,12/31/2019
330107,PECONIC BAY MEDICAL CENTER,1 HEROS WAY,RIVERHEAD,NY,11901,SUFFOLK,(631) 548-6000,PSI_10,Postoperative acute kidney injury requiring dialysis rate,No Different Than the National Rate,1030,1.32,0.11,2.52,,07/01/2018,12/31/2019
330107,PECONIC BAY MEDICAL CENTER,1 HEROS WAY,RIVERHEAD,NY,11901,SUFFOLK,(631) 548-6000,PSI_11,Postoperative respiratory failure rate,No Different Than the National Rate,960,4.15,0.27,8.03,,07/01/2018,12/31/2019
330107,PECONIC BAY MEDICAL CENTER,1 HEROS WAY,RIVERHEAD,NY,11901,SUFFOLK,(631) 548-6000,PSI_12,Perioperative pulmonary embolism or deep vein thrombosis rate,No Different Than the National Rate,1554,3.82,1.56,6.08,,07/01/2018,12/31/2019
330107,PECONIC BAY MEDICAL CENTER,1 HEROS WAY,RIVERHEAD,NY,11901,SUFFOLK,(631) 548-6000,PSI_13,Postoperative sepsis rate,No Different Than the National Rate,1022,4.07,0.96,7.17,,07/01/2018,12/31/2019
330107,PECONIC BAY MEDICAL CENTER,1 HEROS WAY,RIVERHEAD,NY,11901,SUFFOLK,(631) 548-6000,PSI_14,Postoperative wound dehiscence rate,No Different Than the National Rate,225,0.99,0.27,1.71,,07/01/2018,12/31/2019
330107,PECONIC BAY MEDICAL CENTER,1 HEROS WAY,RIVERHEAD,NY,11901,SUFFOLK,(631) 548-6000,PSI_15,Abdominopelvic accidental puncture or laceration rate,No Different Than the National Rate,604,1.33,0.1,2.55,,07/01/2018,12/31/2019
330107,PECONIC BAY MEDICAL CENTER,1 HEROS WAY,RIVERHEAD,NY,11901,SUFFOLK,(631) 548-6000,PSI_90,CMS Medicare PSI 90: Patient safety and adverse events composite,No Different Than the National Value,Not Applicable,0.81,0.47,1.15,,07/01/2018,12/31/2019
330141,LONG ISLAND COMMUNITY HOSPITAL,101 HOSPITAL ROAD,PATCHOGUE,NY,11772,SUFFOLK,(631) 654-7100,COMP_HIP_KNEE,Rate of complications for hip/knee replacement patients,No Different Than the National Rate,64,2.9,1.7,5.3,,04/01/2017,10/02/2019
330141,LONG ISLAND COMMUNITY HOSPITAL,101 HOSPITAL ROAD,PATCHOGUE,NY,11772,SUFFOLK,(631) 654-7100,MORT_30_AMI,Death rate for heart attack patients,No Different Than the National Rate,188,11.8,9.4,14.6,,07/01/2017,12/01/2019
330141,LONG ISLAND COMMUNITY HOSPITAL,101 HOSPITAL ROAD,PATCHOGUE,NY,11772,SUFFOLK,(631) 654-7100,MORT_30_CABG,Death rate for CABG surgery patients,Not Available,Not Available,Not Available,Not Available,Not Available,5,07/01/2017,12/01/2019
330141,LONG ISLAND COMMUNITY HOSPITAL,101 HOSPITAL ROAD,PATCHOGUE,NY,11772,SUFFOLK,(631) 654-7100,MORT_30_COPD,Death rate for COPD patients,No Different Than the National Rate,382,10,7.9,12.7,,07/01/2017,12/01/2019
330141,LONG ISLAND COMMUNITY HOSPITAL,101 HOSPITAL ROAD,PATCHOGUE,NY,11772,SUFFOLK,(631) 654-7100,MORT_30_HF,Death rate for heart failure patients,No Different Than the National Rate,481,9.2,7.4,11.3,,07/01/2017,12/01/2019
330141,LONG ISLAND COMMUNITY HOSPITAL,101 HOSPITAL ROAD,PATCHOGUE,NY,11772,SUFFOLK,(631) 654-7100,MORT_30_PN,Death rate for pneumonia patients,No Different Than the National Rate,937,16,14.1,18.1,,07/01/2017,12/01/2019
330141,LONG ISLAND COMMUNITY HOSPITAL,101 HOSPITAL ROAD,PATCHOGUE,NY,11772,SUFFOLK,(631) 654-7100,MORT_30_STK,Death rate for stroke patients,No Different Than the National Rate,174,13.2,10.3,16.6,,07/01/2017,12/01/2019
330141,LONG ISLAND COMMUNITY HOSPITAL,101 HOSPITAL ROAD,PATCHOGUE,NY,11772,SUFFOLK,(631) 654-7100,PSI_03,Pressure ulcer rate,No Different Than the National Rate,6378,0.28,0,0.88,,07/01/2018,12/31/2019
330141,LONG ISLAND COMMUNITY HOSPITAL,101 HOSPITAL ROAD,PATCHOGUE,NY,11772,SUFFOLK,(631) 654-7100,PSI_04,Death rate among surgical inpatients with serious treatable complications,No Different Than the National Rate,57,173.87,124.88,222.87,,07/01/2018,12/31/2019
330141,LONG ISLAND COMMUNITY HOSPITAL,101 HOSPITAL ROAD,PATCHOGUE,NY,11772,SUFFOLK,(631) 654-7100,PSI_06,Iatrogenic pneumothorax rate,No Different Than the National Rate,7419,0.18,0.01,0.35,,07/01/2018,12/31/2019
330141,LONG ISLAND COMMUNITY HOSPITAL,101 HOSPITAL ROAD,PATCHOGUE,NY,11772,SUFFOLK,(631) 654-7100,PSI_08,In-hospital fall with hip fracture rate,No Different Than the National Rate,6459,0.09,0.02,0.16,,07/01/2018,12/31/2019
330141,LONG ISLAND COMMUNITY HOSPITAL,101 HOSPITAL ROAD,PATCHOGUE,NY,11772,SUFFOLK,(631) 654-7100,PSI_09,Perioperative hemorrhage or hematoma rate,No Different Than the National Rate,979,2.96,1.51,4.42,,07/01/2018,12/31/2019
330141,LONG ISLAND COMMUNITY HOSPITAL,101 HOSPITAL ROAD,PATCHOGUE,NY,11772,SUFFOLK,(631) 654-7100,PSI_10,Postoperative acute kidney injury requiring dialysis rate,No Different Than the National Rate,168,1.37,0.14,2.6,,07/01/2018,12/31/2019
330141,LONG ISLAND COMMUNITY HOSPITAL,101 HOSPITAL ROAD,PATCHOGUE,NY,11772,SUFFOLK,(631) 654-7100,PSI_11,Postoperative respiratory failure rate,No Different Than the National Rate,157,4.29,0,8.69,,07/01/2018,12/31/2019
330141,LONG ISLAND COMMUNITY HOSPITAL,101 HOSPITAL ROAD,PATCHOGUE,NY,11772,SUFFOLK,(631) 654-7100,PSI_12,Perioperative pulmonary embolism or deep vein thrombosis rate,No Different Than the National Rate,1055,4.12,1.77,6.47,,07/01/2018,12/31/2019
330141,LONG ISLAND COMMUNITY HOSPITAL,101 HOSPITAL ROAD,PATCHOGUE,NY,11772,SUFFOLK,(631) 654-7100,PSI_13,Postoperative sepsis rate,No Different Than the National Rate,152,4.52,1.25,7.79,,07/01/2018,12/31/2019
330141,LONG ISLAND COMMUNITY HOSPITAL,101 HOSPITAL ROAD,PATCHOGUE,NY,11772,SUFFOLK,(631) 654-7100,PSI_14,Postoperative wound dehiscence rate,No Different Than the National Rate,323,0.82,0.11,1.53,,07/01/2018,12/31/2019
330141,LONG ISLAND COMMUNITY HOSPITAL,101 HOSPITAL ROAD,PATCHOGUE,NY,11772,SUFFOLK,(631) 654-7100,PSI_15,Abdominopelvic accidental puncture or laceration rate,No Different Than the National Rate,1229,0.94,0,2.12,,07/01/2018,12/31/2019
330141,LONG ISLAND COMMUNITY HOSPITAL,101 HOSPITAL ROAD,PATCHOGUE,NY,11772,SUFFOLK,(631) 654-7100,PSI_90,CMS Medicare PSI 90: Patient safety and adverse events composite,No Different Than the National Value,Not Applicable,0.88,0.55,1.21,,07/01/2018,12/31/2019
330185,JOHN T MATHER MEMORIAL HOSPITAL  OF PORT JEFFERSON,75 NORTH COUNTRY ROAD,PORT JEFFERSON,NY,11777,SUFFOLK,(631) 473-1320,COMP_HIP_KNEE,Rate of complications for hip/knee replacement patients,No Different Than the National Rate,285,3,1.9,4.7,,04/01/2017,10/02/2019
330185,JOHN T MATHER MEMORIAL HOSPITAL  OF PORT JEFFERSON,75 NORTH COUNTRY ROAD,PORT JEFFERSON,NY,11777,SUFFOLK,(631) 473-1320,MORT_30_AMI,Death rate for heart attack patients,No Different Than the National Rate,115,13.3,10.7,16.4,,07/01/2017,12/01/2019
330185,JOHN T MATHER MEMORIAL HOSPITAL  OF PORT JEFFERSON,75 NORTH COUNTRY ROAD,PORT JEFFERSON,NY,11777,SUFFOLK,(631) 473-1320,MORT_30_CABG,Death rate for CABG surgery patients,Not Available,Not Available,Not Available,Not Available,Not Available,5,07/01/2017,12/01/2019
330185,JOHN T MATHER MEMORIAL HOSPITAL  OF PORT JEFFERSON,75 NORTH COUNTRY ROAD,PORT JEFFERSON,NY,11777,SUFFOLK,(631) 473-1320,MORT_30_COPD,Death rate for COPD patients,No Different Than the National Rate,368,6.5,5.1,8.4,,07/01/2017,12/01/2019
330185,JOHN T MATHER MEMORIAL HOSPITAL  OF PORT JEFFERSON,75 NORTH COUNTRY ROAD,PORT JEFFERSON,NY,11777,SUFFOLK,(631) 473-1320,MORT_30_HF,Death rate for heart failure patients,No Different Than the National Rate,488,9.3,7.4,11.4,,07/01/2017,12/01/2019
330185,JOHN T MATHER MEMORIAL HOSPITAL  OF PORT JEFFERSON,75 NORTH COUNTRY ROAD,PORT JEFFERSON,NY,11777,SUFFOLK,(631) 473-1320,MORT_30_PN,Death rate for pneumonia patients,Better Than the National Rate,835,11.5,9.8,13.5,,07/01/2017,12/01/2019
330185,JOHN T MATHER MEMORIAL HOSPITAL  OF PORT JEFFERSON,75 NORTH COUNTRY ROAD,PORT JEFFERSON,NY,11777,SUFFOLK,(631) 473-1320,MORT_30_STK,Death rate for stroke patients,No Different Than the National Rate,111,11.4,8.5,15.0,,07/01/2017,12/01/2019
330185,JOHN T MATHER MEMORIAL HOSPITAL  OF PORT JEFFERSON,75 NORTH COUNTRY ROAD,PORT JEFFERSON,NY,11777,SUFFOLK,(631) 473-1320,PSI_03,Pressure ulcer rate,Worse Than the National Rate,5929,1.85,1.19,2.51,,07/01/2018,12/31/2019
330185,JOHN T MATHER MEMORIAL HOSPITAL  OF PORT JEFFERSON,75 NORTH COUNTRY ROAD,PORT JEFFERSON,NY,11777,SUFFOLK,(631) 473-1320,PSI_04,Death rate among surgical inpatients with serious treatable complications,No Different Than the National Rate,49,154.84,103.38,206.3,,07/01/2018,12/31/2019
330185,JOHN T MATHER MEMORIAL HOSPITAL  OF PORT JEFFERSON,75 NORTH COUNTRY ROAD,PORT JEFFERSON,NY,11777,SUFFOLK,(631) 473-1320,PSI_06,Iatrogenic pneumothorax rate,No Different Than the National Rate,7134,0.23,0.05,0.4,,07/01/2018,12/31/2019
330185,JOHN T MATHER MEMORIAL HOSPITAL  OF PORT JEFFERSON,75 NORTH COUNTRY ROAD,PORT JEFFERSON,NY,11777,SUFFOLK,(631) 473-1320,PSI_08,In-hospital fall with hip fracture rate,No Different Than the National Rate,6327,0.10,0.03,0.17,,07/01/2018,12/31/2019
330185,JOHN T MATHER MEMORIAL HOSPITAL  OF PORT JEFFERSON,75 NORTH COUNTRY ROAD,PORT JEFFERSON,NY,11777,SUFFOLK,(631) 473-1320,PSI_09,Perioperative hemorrhage or hematoma rate,No Different Than the National Rate,1497,2.68,1.3,4.06,,07/01/2018,12/31/2019
330185,JOHN T MATHER MEMORIAL HOSPITAL  OF PORT JEFFERSON,75 NORTH COUNTRY ROAD,PORT JEFFERSON,NY,11777,SUFFOLK,(631) 473-1320,PSI_10,Postoperative acute kidney injury requiring dialysis rate,No Different Than the National Rate,756,1.31,0.11,2.52,,07/01/2018,12/31/2019
330185,JOHN T MATHER MEMORIAL HOSPITAL  OF PORT JEFFERSON,75 NORTH COUNTRY ROAD,PORT JEFFERSON,NY,11777,SUFFOLK,(631) 473-1320,PSI_11,Postoperative respiratory failure rate,No Different Than the National Rate,700,4.05,0.21,7.89,,07/01/2018,12/31/2019
330185,JOHN T MATHER MEMORIAL HOSPITAL  OF PORT JEFFERSON,75 NORTH COUNTRY ROAD,PORT JEFFERSON,NY,11777,SUFFOLK,(631) 473-1320,PSI_12,Perioperative pulmonary embolism or deep vein thrombosis rate,No Different Than the National Rate,1617,4.14,1.98,6.30,,07/01/2018,12/31/2019
330185,JOHN T MATHER MEMORIAL HOSPITAL  OF PORT JEFFERSON,75 NORTH COUNTRY ROAD,PORT JEFFERSON,NY,11777,SUFFOLK,(631) 473-1320,PSI_13,Postoperative sepsis rate,No Different Than the National Rate,743,4.96,1.9,8.03,,07/01/2018,12/31/2019
330185,JOHN T MATHER MEMORIAL HOSPITAL  OF PORT JEFFERSON,75 NORTH COUNTRY ROAD,PORT JEFFERSON,NY,11777,SUFFOLK,(631) 473-1320,PSI_14,Postoperative wound dehiscence rate,No Different Than the National Rate,488,1.43,0.72,2.14,,07/01/2018,12/31/2019
330185,JOHN T MATHER MEMORIAL HOSPITAL  OF PORT JEFFERSON,75 NORTH COUNTRY ROAD,PORT JEFFERSON,NY,11777,SUFFOLK,(631) 473-1320,PSI_15,Abdominopelvic accidental puncture or laceration rate,No Different Than the National Rate,1385,1.72,0.58,2.86,,07/01/2018,12/31/2019
330185,JOHN T MATHER MEMORIAL HOSPITAL  OF PORT JEFFERSON,75 NORTH COUNTRY ROAD,PORT JEFFERSON,NY,11777,SUFFOLK,(631) 473-1320,PSI_90,CMS Medicare PSI 90: Patient safety and adverse events composite,Worse Than the National Value,Not Applicable,1.38,1.06,1.7,,07/01/2018,12/31/2019
33019F,NORTHPORT VA MEDICAL CENTER,79 MIDDLEVILLE ROAD,NORTHPORT,NY,11768,SUFFOLK,(516) 261-4400,COMP_HIP_KNEE,Rate of complications for hip/knee replacement patients,No Different Than the National Rate,109,2.4,1.4,4.0,,04/01/2017,10/02/2019
33019F,NORTHPORT VA MEDICAL CENTER,79 MIDDLEVILLE ROAD,NORTHPORT,NY,11768,SUFFOLK,(516) 261-4400,MORT_30_AMI,Death rate for heart attack patients,No Different Than the National Rate,32,12.3,9.5,15.8,,07/01/2017,12/01/2019
33019F,NORTHPORT VA MEDICAL CENTER,79 MIDDLEVILLE ROAD,NORTHPORT,NY,11768,SUFFOLK,(516) 261-4400,MORT_30_CABG,Death rate for CABG surgery patients,Not Available,Not Available,Not Available,Not Available,Not Available,5,07/01/2017,12/01/2019
33019F,NORTHPORT VA MEDICAL CENTER,79 MIDDLEVILLE ROAD,NORTHPORT,NY,11768,SUFFOLK,(516) 261-4400,MORT_30_COPD,Death rate for COPD patients,No Different Than the National Rate,135,7.7,5.3,11.2,,07/01/2017,12/01/2019
33019F,NORTHPORT VA MEDICAL CENTER,79 MIDDLEVILLE ROAD,NORTHPORT,NY,11768,SUFFOLK,(516) 261-4400,MORT_30_HF,Death rate for heart failure patients,No Different Than the National Rate,132,10.5,7.4,14.3,,07/01/2017,12/01/2019
33019F,NORTHPORT VA MEDICAL CENTER,79 MIDDLEVILLE ROAD,NORTHPORT,NY,11768,SUFFOLK,(516) 261-4400,MORT_30_PN,Death rate for pneumonia patients,No Different Than the National Rate,150,14,10.6,17.9,,07/01/2017,12/01/2019
33019F,NORTHPORT VA MEDICAL CENTER,79 MIDDLEVILLE ROAD,NORTHPORT,NY,11768,SUFFOLK,(516) 261-4400,MORT_30_STK,Death rate for stroke patients,Not Available,Not Available,Not Available,Not Available,Not Available,5,07/01/2017,12/01/2019
33019F,NORTHPORT VA MEDICAL CENTER,79 MIDDLEVILLE ROAD,NORTHPORT,NY,11768,SUFFOLK,(516) 261-4400,PSI_03,Pressure ulcer rate,No Different Than the National Rate,1693,0.33,0,1.36,,07/01/2018,12/31/2019
33019F,NORTHPORT VA MEDICAL CENTER,79 MIDDLEVILLE ROAD,NORTHPORT,NY,11768,SUFFOLK,(516) 261-4400,PSI_04,Death rate among surgical inpatients with serious treatable complications,Not Available,Not Available,Not Available,Not Available,Not Available,1,07/01/2018,12/31/2019
33019F,NORTHPORT VA MEDICAL CENTER,79 MIDDLEVILLE ROAD,NORTHPORT,NY,11768,SUFFOLK,(516) 261-4400,PSI_06,Iatrogenic pneumothorax rate,No Different Than the National Rate,2527,0.22,0.03,0.4,,07/01/2018,12/31/2019
33019F,NORTHPORT VA MEDICAL CENTER,79 MIDDLEVILLE ROAD,NORTHPORT,NY,11768,SUFFOLK,(516) 261-4400,PSI_08,In-hospital fall with hip fracture rate,No Different Than the National Rate,2232,0.09,0.03,0.16,,07/01/2018,12/31/2019
33019F,NORTHPORT VA MEDICAL CENTER,79 MIDDLEVILLE ROAD,NORTHPORT,NY,11768,SUFFOLK,(516) 261-4400,PSI_09,Perioperative hemorrhage or hematoma rate,No Different Than the National Rate,404,2.22,0.73,3.71,,07/01/2018,12/31/2019
33019F,NORTHPORT VA MEDICAL CENTER,79 MIDDLEVILLE ROAD,NORTHPORT,NY,11768,SUFFOLK,(516) 261-4400,PSI_10,Postoperative acute kidney injury requiring dialysis rate,No Different Than the National Rate,220,1.36,0.13,2.58,,07/01/2018,12/31/2019
33019F,NORTHPORT VA MEDICAL CENTER,79 MIDDLEVILLE ROAD,NORTHPORT,NY,11768,SUFFOLK,(516) 261-4400,PSI_11,Postoperative respiratory failure rate,No Different Than the National Rate,171,4.27,0,8.66,,07/01/2018,12/31/2019
33019F,NORTHPORT VA MEDICAL CENTER,79 MIDDLEVILLE ROAD,NORTHPORT,NY,11768,SUFFOLK,(516) 261-4400,PSI_12,Perioperative pulmonary embolism or deep vein thrombosis rate,No Different Than the National Rate,415,3.57,0.78,6.37,,07/01/2018,12/31/2019
33019F,NORTHPORT VA MEDICAL CENTER,79 MIDDLEVILLE ROAD,NORTHPORT,NY,11768,SUFFOLK,(516) 261-4400,PSI_13,Postoperative sepsis rate,No Different Than the National Rate,209,4.30,1.11,7.49,,07/01/2018,12/31/2019
33019F,NORTHPORT VA MEDICAL CENTER,79 MIDDLEVILLE ROAD,NORTHPORT,NY,11768,SUFFOLK,(516) 261-4400,PSI_14,Postoperative wound dehiscence rate,No Different Than the National Rate,170,0.83,0.12,1.55,,07/01/2018,12/31/2019
33019F,NORTHPORT VA MEDICAL CENTER,79 MIDDLEVILLE ROAD,NORTHPORT,NY,11768,SUFFOLK,(516) 261-4400,PSI_15,Abdominopelvic accidental puncture or laceration rate,No Different Than the National Rate,385,1.07,0,2.34,,07/01/2018,12/31/2019
33019F,NORTHPORT VA MEDICAL CENTER,79 MIDDLEVILLE ROAD,NORTHPORT,NY,11768,SUFFOLK,(516) 261-4400,PSI_90,CMS Medicare PSI 90: Patient safety and adverse events composite,No Different Than the National Value,Not Applicable,0.85,0.44,1.26,,07/01/2018,12/31/2019
330246,ST CHARLES HOSPITAL,200 BELLE TERRE ROAD,PORT JEFFERSON,NY,11777,SUFFOLK,(631) 474-6000,COMP_HIP_KNEE,Rate of complications for hip/knee replacement patients,No Different Than the National Rate,532,1.9,1.2,3.0,,04/01/2017,10/02/2019
330246,ST CHARLES HOSPITAL,200 BELLE TERRE ROAD,PORT JEFFERSON,NY,11777,SUFFOLK,(631) 474-6000,MORT_30_AMI,Death rate for heart attack patients,No Different Than the National Rate,29,11.2,8.4,14.9,,07/01/2017,12/01/2019
330246,ST CHARLES HOSPITAL,200 BELLE TERRE ROAD,PORT JEFFERSON,NY,11777,SUFFOLK,(631) 474-6000,MORT_30_CABG,Death rate for CABG surgery patients,Not Available,Not Available,Not Available,Not Available,Not Available,5,07/01/2017,12/01/2019
330246,ST CHARLES HOSPITAL,200 BELLE TERRE ROAD,PORT JEFFERSON,NY,11777,SUFFOLK,(631) 474-6000,MORT_30_COPD,Death rate for COPD patients,No Different Than the National Rate,137,7.1,5.0,10.0,,07/01/2017,12/01/2019
330246,ST CHARLES HOSPITAL,200 BELLE TERRE ROAD,PORT JEFFERSON,NY,11777,SUFFOLK,(631) 474-6000,MORT_30_HF,Death rate for heart failure patients,No Different Than the National Rate,146,11,8.0,14.8,,07/01/2017,12/01/2019
330246,ST CHARLES HOSPITAL,200 BELLE TERRE ROAD,PORT JEFFERSON,NY,11777,SUFFOLK,(631) 474-6000,MORT_30_PN,Death rate for pneumonia patients,No Different Than the National Rate,186,12.7,9.5,16.7,,07/01/2017,12/01/2019
330246,ST CHARLES HOSPITAL,200 BELLE TERRE ROAD,PORT JEFFERSON,NY,11777,SUFFOLK,(631) 474-6000,MORT_30_STK,Death rate for stroke patients,No Different Than the National Rate,32,12,8.6,16.4,,07/01/2017,12/01/2019
330246,ST CHARLES HOSPITAL,200 BELLE TERRE ROAD,PORT JEFFERSON,NY,11777,SUFFOLK,(631) 474-6000,PSI_03,Pressure ulcer rate,No Different Than the National Rate,2624,0.61,0,1.52,,07/01/2018,12/31/2019
330246,ST CHARLES HOSPITAL,200 BELLE TERRE ROAD,PORT JEFFERSON,NY,11777,SUFFOLK,(631) 474-6000,PSI_04,Death rate among surgical inpatients with serious treatable complications,Number of Cases Too Small,Not Available,Not Available,Not Available,Not Available,1,07/01/2018,12/31/2019
330246,ST CHARLES HOSPITAL,200 BELLE TERRE ROAD,PORT JEFFERSON,NY,11777,SUFFOLK,(631) 474-6000,PSI_06,Iatrogenic pneumothorax rate,No Different Than the National Rate,3349,0.22,0.03,0.4,,07/01/2018,12/31/2019
330246,ST CHARLES HOSPITAL,200 BELLE TERRE ROAD,PORT JEFFERSON,NY,11777,SUFFOLK,(631) 474-6000,PSI_08,In-hospital fall with hip fracture rate,No Different Than the National Rate,2744,0.10,0.04,0.17,,07/01/2018,12/31/2019
330246,ST CHARLES HOSPITAL,200 BELLE TERRE ROAD,PORT JEFFERSON,NY,11777,SUFFOLK,(631) 474-6000,PSI_09,Perioperative hemorrhage or hematoma rate,No Different Than the National Rate,797,2.56,1.03,4.08,,07/01/2018,12/31/2019
330246,ST CHARLES HOSPITAL,200 BELLE TERRE ROAD,PORT JEFFERSON,NY,11777,SUFFOLK,(631) 474-6000,PSI_10,Postoperative acute kidney injury requiring dialysis rate,No Different Than the National Rate,547,1.93,0.7,3.17,,07/01/2018,12/31/2019
330246,ST CHARLES HOSPITAL,200 BELLE TERRE ROAD,PORT JEFFERSON,NY,11777,SUFFOLK,(631) 474-6000,PSI_11,Postoperative respiratory failure rate,No Different Than the National Rate,528,5.87,1.63,10.11,,07/01/2018,12/31/2019
330246,ST CHARLES HOSPITAL,200 BELLE TERRE ROAD,PORT JEFFERSON,NY,11777,SUFFOLK,(631) 474-6000,PSI_12,Perioperative pulmonary embolism or deep vein thrombosis rate,No Different Than the National Rate,835,3.87,1.33,6.41,,07/01/2018,12/31/2019
330246,ST CHARLES HOSPITAL,200 BELLE TERRE ROAD,PORT JEFFERSON,NY,11777,SUFFOLK,(631) 474-6000,PSI_13,Postoperative sepsis rate,No Different Than the National Rate,525,5.56,2.31,8.8,,07/01/2018,12/31/2019
330246,ST CHARLES HOSPITAL,200 BELLE TERRE ROAD,PORT JEFFERSON,NY,11777,SUFFOLK,(631) 474-6000,PSI_14,Postoperative wound dehiscence rate,No Different Than the National Rate,170,0.84,0.12,1.56,,07/01/2018,12/31/2019
330246,ST CHARLES HOSPITAL,200 BELLE TERRE ROAD,PORT JEFFERSON,NY,11777,SUFFOLK,(631) 474-6000,PSI_15,Abdominopelvic accidental puncture or laceration rate,No Different Than the National Rate,403,1.05,0,2.31,,07/01/2018,12/31/2019
330246,ST CHARLES HOSPITAL,200 BELLE TERRE ROAD,PORT JEFFERSON,NY,11777,SUFFOLK,(631) 474-6000,PSI_90,CMS Medicare PSI 90: Patient safety and adverse events composite,No Different Than the National Value,Not Applicable,1.10,0.72,1.48,,07/01/2018,12/31/2019
330286,GOOD SAMARITAN HOSPITAL MEDICAL CENTER,1000 MONTAUK HIGHWAY,WEST ISLIP,NY,11795,SUFFOLK,(631) 376-3000,COMP_HIP_KNEE,Rate of complications for hip/knee replacement patients,No Different Than the National Rate,184,2.7,1.6,4.4,,04/01/2017,10/02/2019
330286,GOOD SAMARITAN HOSPITAL MEDICAL CENTER,1000 MONTAUK HIGHWAY,WEST ISLIP,NY,11795,SUFFOLK,(631) 376-3000,MORT_30_AMI,Death rate for heart attack patients,No Different Than the National Rate,298,14,11.5,17.0,,07/01/2017,12/01/2019
330286,GOOD SAMARITAN HOSPITAL MEDICAL CENTER,1000 MONTAUK HIGHWAY,WEST ISLIP,NY,11795,SUFFOLK,(631) 376-3000,MORT_30_CABG,Death rate for CABG surgery patients,No Different Than the National Rate,164,1.9,1.1,3.5,,07/01/2017,12/01/2019
330286,GOOD SAMARITAN HOSPITAL MEDICAL CENTER,1000 MONTAUK HIGHWAY,WEST ISLIP,NY,11795,SUFFOLK,(631) 376-3000,MORT_30_COPD,Death rate for COPD patients,No Different Than the National Rate,439,7.8,6.1,9.8,,07/01/2017,12/01/2019
330286,GOOD SAMARITAN HOSPITAL MEDICAL CENTER,1000 MONTAUK HIGHWAY,WEST ISLIP,NY,11795,SUFFOLK,(631) 376-3000,MORT_30_HF,Death rate for heart failure patients,Better Than the National Rate,658,8.7,7.0,10.7,,07/01/2017,12/01/2019
330286,GOOD SAMARITAN HOSPITAL MEDICAL CENTER,1000 MONTAUK HIGHWAY,WEST ISLIP,NY,11795,SUFFOLK,(631) 376-3000,MORT_30_PN,Death rate for pneumonia patients,No Different Than the National Rate,981,17,15.0,18.9,,07/01/2017,12/01/2019
330286,GOOD SAMARITAN HOSPITAL MEDICAL CENTER,1000 MONTAUK HIGHWAY,WEST ISLIP,NY,11795,SUFFOLK,(631) 376-3000,MORT_30_STK,Death rate for stroke patients,No Different Than the National Rate,408,13.9,11.7,16.7,,07/01/2017,12/01/2019
330286,GOOD SAMARITAN HOSPITAL MEDICAL CENTER,1000 MONTAUK HIGHWAY,WEST ISLIP,NY,11795,SUFFOLK,(631) 376-3000,PSI_03,Pressure ulcer rate,Worse Than the National Rate,9255,3.25,2.74,3.76,,07/01/2018,12/31/2019
330286,GOOD SAMARITAN HOSPITAL MEDICAL CENTER,1000 MONTAUK HIGHWAY,WEST ISLIP,NY,11795,SUFFOLK,(631) 376-3000,PSI_04,Death rate among surgical inpatients with serious treatable complications,No Different Than the National Rate,125,176.43,137.31,215.56,,07/01/2018,12/31/2019
330286,GOOD SAMARITAN HOSPITAL MEDICAL CENTER,1000 MONTAUK HIGHWAY,WEST ISLIP,NY,11795,SUFFOLK,(631) 376-3000,PSI_06,Iatrogenic pneumothorax rate,No Different Than the National Rate,10455,0.30,0.14,0.46,,07/01/2018,12/31/2019
330286,GOOD SAMARITAN HOSPITAL MEDICAL CENTER,1000 MONTAUK HIGHWAY,WEST ISLIP,NY,11795,SUFFOLK,(631) 376-3000,PSI_08,In-hospital fall with hip fracture rate,No Different Than the National Rate,9080,0.11,0.04,0.17,,07/01/2018,12/31/2019
330286,GOOD SAMARITAN HOSPITAL MEDICAL CENTER,1000 MONTAUK HIGHWAY,WEST ISLIP,NY,11795,SUFFOLK,(631) 376-3000,PSI_09,Perioperative hemorrhage or hematoma rate,No Different Than the National Rate,2480,2.49,1.28,3.69,,07/01/2018,12/31/2019
330286,GOOD SAMARITAN HOSPITAL MEDICAL CENTER,1000 MONTAUK HIGHWAY,WEST ISLIP,NY,11795,SUFFOLK,(631) 376-3000,PSI_10,Postoperative acute kidney injury requiring dialysis rate,No Different Than the National Rate,944,2.40,1.36,3.44,,07/01/2018,12/31/2019
330286,GOOD SAMARITAN HOSPITAL MEDICAL CENTER,1000 MONTAUK HIGHWAY,WEST ISLIP,NY,11795,SUFFOLK,(631) 376-3000,PSI_11,Postoperative respiratory failure rate,No Different Than the National Rate,639,2.80,0,6.35,,07/01/2018,12/31/2019
330286,GOOD SAMARITAN HOSPITAL MEDICAL CENTER,1000 MONTAUK HIGHWAY,WEST ISLIP,NY,11795,SUFFOLK,(631) 376-3000,PSI_12,Perioperative pulmonary embolism or deep vein thrombosis rate,Worse Than the National Rate,2713,7.46,5.62,9.31,,07/01/2018,12/31/2019
330286,GOOD SAMARITAN HOSPITAL MEDICAL CENTER,1000 MONTAUK HIGHWAY,WEST ISLIP,NY,11795,SUFFOLK,(631) 376-3000,PSI_13,Postoperative sepsis rate,No Different Than the National Rate,936,4.81,2.18,7.44,,07/01/2018,12/31/2019
330286,GOOD SAMARITAN HOSPITAL MEDICAL CENTER,1000 MONTAUK HIGHWAY,WEST ISLIP,NY,11795,SUFFOLK,(631) 376-3000,PSI_14,Postoperative wound dehiscence rate,No Different Than the National Rate,616,0.79,0.09,1.49,,07/01/2018,12/31/2019
330286,GOOD SAMARITAN HOSPITAL MEDICAL CENTER,1000 MONTAUK HIGHWAY,WEST ISLIP,NY,11795,SUFFOLK,(631) 376-3000,PSI_15,Abdominopelvic accidental puncture or laceration rate,No Different Than the National Rate,2116,1.20,0.16,2.25,,07/01/2018,12/31/2019
330286,GOOD SAMARITAN HOSPITAL MEDICAL CENTER,1000 MONTAUK HIGHWAY,WEST ISLIP,NY,11795,SUFFOLK,(631) 376-3000,PSI_90,CMS Medicare PSI 90: Patient safety and adverse events composite,Worse Than the National Value,Not Applicable,1.96,1.7,2.23,,07/01/2018,12/31/2019
330393,SUNY/STONY BROOK UNIVERSITY HOSPITAL,HEALTH SCIENCES CENTER SUNY,STONY BROOK,NY,11794,SUFFOLK,(631) 444-4000,COMP_HIP_KNEE,Rate of complications for hip/knee replacement patients,No Different Than the National Rate,640,2.4,1.7,3.5,,04/01/2017,10/02/2019
330393,SUNY/STONY BROOK UNIVERSITY HOSPITAL,HEALTH SCIENCES CENTER SUNY,STONY BROOK,NY,11794,SUFFOLK,(631) 444-4000,MORT_30_AMI,Death rate for heart attack patients,Better Than the National Rate,523,9.3,7.7,11.2,,07/01/2017,12/01/2019
330393,SUNY/STONY BROOK UNIVERSITY HOSPITAL,HEALTH SCIENCES CENTER SUNY,STONY BROOK,NY,11794,SUFFOLK,(631) 444-4000,MORT_30_CABG,Death rate for CABG surgery patients,No Different Than the National Rate,139,1.8,0.9,3.6,,07/01/2017,12/01/2019
330393,SUNY/STONY BROOK UNIVERSITY HOSPITAL,HEALTH SCIENCES CENTER SUNY,STONY BROOK,NY,11794,SUFFOLK,(631) 444-4000,MORT_30_COPD,Death rate for COPD patients,No Different Than the National Rate,431,6.6,5.1,8.4,,07/01/2017,12/01/2019
330393,SUNY/STONY BROOK UNIVERSITY HOSPITAL,HEALTH SCIENCES CENTER SUNY,STONY BROOK,NY,11794,SUFFOLK,(631) 444-4000,MORT_30_HF,Death rate for heart failure patients,Better Than the National Rate,1254,7.8,6.6,9.2,,07/01/2017,12/01/2019
330393,SUNY/STONY BROOK UNIVERSITY HOSPITAL,HEALTH SCIENCES CENTER SUNY,STONY BROOK,NY,11794,SUFFOLK,(631) 444-4000,MORT_30_PN,Death rate for pneumonia patients,No Different Than the National Rate,1322,13.7,12.3,15.3,,07/01/2017,12/01/2019
330393,SUNY/STONY BROOK UNIVERSITY HOSPITAL,HEALTH SCIENCES CENTER SUNY,STONY BROOK,NY,11794,SUFFOLK,(631) 444-4000,MORT_30_STK,Death rate for stroke patients,Better Than the National Rate,727,11.1,9.5,13.0,,07/01/2017,12/01/2019
330393,SUNY/STONY BROOK UNIVERSITY HOSPITAL,HEALTH SCIENCES CENTER SUNY,STONY BROOK,NY,11794,SUFFOLK,(631) 444-4000,PSI_03,Pressure ulcer rate,No Different Than the National Rate,15675,0.77,0.4,1.14,,07/01/2018,12/31/2019
330393,SUNY/STONY BROOK UNIVERSITY HOSPITAL,HEALTH SCIENCES CENTER SUNY,STONY BROOK,NY,11794,SUFFOLK,(631) 444-4000,PSI_04,Death rate among surgical inpatients with serious treatable complications,No Different Than the National Rate,258,192.80,158.24,227.36,,07/01/2018,12/31/2019
330393,SUNY/STONY BROOK UNIVERSITY HOSPITAL,HEALTH SCIENCES CENTER SUNY,STONY BROOK,NY,11794,SUFFOLK,(631) 444-4000,PSI_06,Iatrogenic pneumothorax rate,No Different Than the National Rate,19962,0.20,0.07,0.34,,07/01/2018,12/31/2019
330393,SUNY/STONY BROOK UNIVERSITY HOSPITAL,HEALTH SCIENCES CENTER SUNY,STONY BROOK,NY,11794,SUFFOLK,(631) 444-4000,PSI_08,In-hospital fall with hip fracture rate,No Different Than the National Rate,16476,0.10,0.04,0.16,,07/01/2018,12/31/2019
330393,SUNY/STONY BROOK UNIVERSITY HOSPITAL,HEALTH SCIENCES CENTER SUNY,STONY BROOK,NY,11794,SUFFOLK,(631) 444-4000,PSI_09,Perioperative hemorrhage or hematoma rate,No Different Than the National Rate,5210,2.29,1.3,3.28,,07/01/2018,12/31/2019
330393,SUNY/STONY BROOK UNIVERSITY HOSPITAL,HEALTH SCIENCES CENTER SUNY,STONY BROOK,NY,11794,SUFFOLK,(631) 444-4000,PSI_10,Postoperative acute kidney injury requiring dialysis rate,No Different Than the National Rate,2130,1.35,0.39,2.3,,07/01/2018,12/31/2019
330393,SUNY/STONY BROOK UNIVERSITY HOSPITAL,HEALTH SCIENCES CENTER SUNY,STONY BROOK,NY,11794,SUFFOLK,(631) 444-4000,PSI_11,Postoperative respiratory failure rate,Worse Than the National Rate,1668,8.00,5.26,10.74,,07/01/2018,12/31/2019
330393,SUNY/STONY BROOK UNIVERSITY HOSPITAL,HEALTH SCIENCES CENTER SUNY,STONY BROOK,NY,11794,SUFFOLK,(631) 444-4000,PSI_12,Perioperative pulmonary embolism or deep vein thrombosis rate,No Different Than the National Rate,5711,3.97,2.57,5.36,,07/01/2018,12/31/2019
330393,SUNY/STONY BROOK UNIVERSITY HOSPITAL,HEALTH SCIENCES CENTER SUNY,STONY BROOK,NY,11794,SUFFOLK,(631) 444-4000,PSI_13,Postoperative sepsis rate,No Different Than the National Rate,2131,5.93,3.74,8.12,,07/01/2018,12/31/2019
330393,SUNY/STONY BROOK UNIVERSITY HOSPITAL,HEALTH SCIENCES CENTER SUNY,STONY BROOK,NY,11794,SUFFOLK,(631) 444-4000,PSI_14,Postoperative wound dehiscence rate,No Different Than the National Rate,1202,0.87,0.2,1.54,,07/01/2018,12/31/2019
330393,SUNY/STONY BROOK UNIVERSITY HOSPITAL,HEALTH SCIENCES CENTER SUNY,STONY BROOK,NY,11794,SUFFOLK,(631) 444-4000,PSI_15,Abdominopelvic accidental puncture or laceration rate,No Different Than the National Rate,3647,1.68,0.8,2.56,,07/01/2018,12/31/2019
330393,SUNY/STONY BROOK UNIVERSITY HOSPITAL,HEALTH SCIENCES CENTER SUNY,STONY BROOK,NY,11794,SUFFOLK,(631) 444-4000,PSI_90,CMS Medicare PSI 90: Patient safety and adverse events composite,Worse Than the National Value,Not Applicable,1.21,1.01,1.42,,07/01/2018,12/31/2019
330401,ST CATHERINE OF SIENA HOSPITAL,50 ROUTE 25A,SMITHTOWN,NY,11787,SUFFOLK,(631) 862-3000,COMP_HIP_KNEE,Rate of complications for hip/knee replacement patients,No Different Than the National Rate,105,1.9,1.0,3.2,,04/01/2017,10/02/2019
330401,ST CATHERINE OF SIENA HOSPITAL,50 ROUTE 25A,SMITHTOWN,NY,11787,SUFFOLK,(631) 862-3000,MORT_30_AMI,Death rate for heart attack patients,No Different Than the National Rate,160,11.5,9.1,14.3,,07/01/2017,12/01/2019
330401,ST CATHERINE OF SIENA HOSPITAL,50 ROUTE 25A,SMITHTOWN,NY,11787,SUFFOLK,(631) 862-3000,MORT_30_CABG,Death rate for CABG surgery patients,Not Available,Not Available,Not Available,Not Available,Not Available,5,07/01/2017,12/01/2019
330401,ST CATHERINE OF SIENA HOSPITAL,50 ROUTE 25A,SMITHTOWN,NY,11787,SUFFOLK,(631) 862-3000,MORT_30_COPD,Death rate for COPD patients,No Different Than the National Rate,277,6.9,5.2,9.0,,07/01/2017,12/01/2019
330401,ST CATHERINE OF SIENA HOSPITAL,50 ROUTE 25A,SMITHTOWN,NY,11787,SUFFOLK,(631) 862-3000,MORT_30_HF,Death rate for heart failure patients,Better Than the National Rate,484,8.4,6.7,10.4,,07/01/2017,12/01/2019
330401,ST CATHERINE OF SIENA HOSPITAL,50 ROUTE 25A,SMITHTOWN,NY,11787,SUFFOLK,(631) 862-3000,MORT_30_PN,Death rate for pneumonia patients,No Different Than the National Rate,365,13.3,10.9,16.1,,07/01/2017,12/01/2019
330401,ST CATHERINE OF SIENA HOSPITAL,50 ROUTE 25A,SMITHTOWN,NY,11787,SUFFOLK,(631) 862-3000,MORT_30_STK,Death rate for stroke patients,No Different Than the National Rate,149,13.4,10.4,17.0,,07/01/2017,12/01/2019
330401,ST CATHERINE OF SIENA HOSPITAL,50 ROUTE 25A,SMITHTOWN,NY,11787,SUFFOLK,(631) 862-3000,PSI_03,Pressure ulcer rate,Worse Than the National Rate,5690,1.39,0.75,2.03,,07/01/2018,12/31/2019
330401,ST CATHERINE OF SIENA HOSPITAL,50 ROUTE 25A,SMITHTOWN,NY,11787,SUFFOLK,(631) 862-3000,PSI_04,Death rate among surgical inpatients with serious treatable complications,No Different Than the National Rate,41,156.41,109.28,203.55,,07/01/2018,12/31/2019
330401,ST CATHERINE OF SIENA HOSPITAL,50 ROUTE 25A,SMITHTOWN,NY,11787,SUFFOLK,(631) 862-3000,PSI_06,Iatrogenic pneumothorax rate,No Different Than the National Rate,7140,0.18,0.01,0.35,,07/01/2018,12/31/2019
330401,ST CATHERINE OF SIENA HOSPITAL,50 ROUTE 25A,SMITHTOWN,NY,11787,SUFFOLK,(631) 862-3000,PSI_08,In-hospital fall with hip fracture rate,No Different Than the National Rate,5775,0.10,0.03,0.17,,07/01/2018,12/31/2019
330401,ST CATHERINE OF SIENA HOSPITAL,50 ROUTE 25A,SMITHTOWN,NY,11787,SUFFOLK,(631) 862-3000,PSI_09,Perioperative hemorrhage or hematoma rate,No Different Than the National Rate,929,3.39,1.94,4.84,,07/01/2018,12/31/2019
330401,ST CATHERINE OF SIENA HOSPITAL,50 ROUTE 25A,SMITHTOWN,NY,11787,SUFFOLK,(631) 862-3000,PSI_10,Postoperative acute kidney injury requiring dialysis rate,No Different Than the National Rate,322,1.34,0.13,2.56,,07/01/2018,12/31/2019
330401,ST CATHERINE OF SIENA HOSPITAL,50 ROUTE 25A,SMITHTOWN,NY,11787,SUFFOLK,(631) 862-3000,PSI_11,Postoperative respiratory failure rate,No Different Than the National Rate,273,6.63,2.45,10.8,,07/01/2018,12/31/2019
330401,ST CATHERINE OF SIENA HOSPITAL,50 ROUTE 25A,SMITHTOWN,NY,11787,SUFFOLK,(631) 862-3000,PSI_12,Perioperative pulmonary embolism or deep vein thrombosis rate,No Different Than the National Rate,1006,2.19,0.00,4.58,,07/01/2018,12/31/2019
330401,ST CATHERINE OF SIENA HOSPITAL,50 ROUTE 25A,SMITHTOWN,NY,11787,SUFFOLK,(631) 862-3000,PSI_13,Postoperative sepsis rate,No Different Than the National Rate,310,5.26,2.11,8.41,,07/01/2018,12/31/2019
330401,ST CATHERINE OF SIENA HOSPITAL,50 ROUTE 25A,SMITHTOWN,NY,11787,SUFFOLK,(631) 862-3000,PSI_14,Postoperative wound dehiscence rate,No Different Than the National Rate,322,0.82,0.11,1.53,,07/01/2018,12/31/2019
330401,ST CATHERINE OF SIENA HOSPITAL,50 ROUTE 25A,SMITHTOWN,NY,11787,SUFFOLK,(631) 862-3000,PSI_15,Abdominopelvic accidental puncture or laceration rate,No Different Than the National Rate,1103,1.51,0.34,2.68,,07/01/2018,12/31/2019
330401,ST CATHERINE OF SIENA HOSPITAL,50 ROUTE 25A,SMITHTOWN,NY,11787,SUFFOLK,(631) 862-3000,PSI_90,CMS Medicare PSI 90: Patient safety and adverse events composite,No Different Than the National Value,Not Applicable,1.23,0.9,1.56,,07/01/2018,12/31/2019
