facility_id,facility_name,address,city,state,zip_code,county_name,phone_number,condition,measure_id,measure_name,score,sample,footnote,start_date,end_date
330027,NASSAU UNIVERSITY MEDICAL CENTER,2201 HEMPSTEAD TURNPIKE,EAST MEADOW,NY,11554,NASSAU,(516) 572-0123,Emergency Department,EDV,Emergency department volume,high,,,01/01/2020,12/31/2020
330027,NASSAU UNIVERSITY MEDICAL CENTER,2201 HEMPSTEAD TURNPIKE,EAST MEADOW,NY,11554,NASSAU,(516) 572-0123,Preventive Care,IMM_3,Healthcare workers given influenza vaccination,71,2657,,10/01/2020,03/31/2021
330027,NASSAU UNIVERSITY MEDICAL CENTER,2201 HEMPSTEAD TURNPIKE,EAST MEADOW,NY,11554,NASSAU,(516) 572-0123,Emergency Department,OP_18b,Average (median) time patients spent in the emergency department before leaving from the visit A lower number of minutes is better,106,212,,07/01/2020,03/31/2021
330027,NASSAU UNIVERSITY MEDICAL CENTER,2201 HEMPSTEAD TURNPIKE,EAST MEADOW,NY,11554,NASSAU,(516) 572-0123,Emergency Department,OP_18c,Average (median) time patients spent in the emergency department before leaving from the visit- Psychiatric/Mental Health Patients.  A lower number of minutes is better,240,55,,07/01/2020,03/31/2021
330027,NASSAU UNIVERSITY MEDICAL CENTER,2201 HEMPSTEAD TURNPIKE,EAST MEADOW,NY,11554,NASSAU,(516) 572-0123,Heart Attack or Chest Pain,OP_2,Fibrinolytic Therapy Received Within 30 Minutes of ED Arrival,Not Available,Not Available,5,07/01/2020,03/31/2021
330027,NASSAU UNIVERSITY MEDICAL CENTER,2201 HEMPSTEAD TURNPIKE,EAST MEADOW,NY,11554,NASSAU,(516) 572-0123,Emergency Department,OP_22,Left before being seen,2,49744,,01/01/2020,12/31/2020
330027,NASSAU UNIVERSITY MEDICAL CENTER,2201 HEMPSTEAD TURNPIKE,EAST MEADOW,NY,11554,NASSAU,(516) 572-0123,Emergency Department,OP_23,Head CT results,Not Available,Not Available,1,07/01/2020,03/31/2021
330027,NASSAU UNIVERSITY MEDICAL CENTER,2201 HEMPSTEAD TURNPIKE,EAST MEADOW,NY,11554,NASSAU,(516) 572-0123,Colonoscopy care,OP_29,Endoscopy/polyp surveillance: appropriate follow-up interval for normal colonoscopy in average risk patients,98,41,,01/01/2020,12/31/2020
330027,NASSAU UNIVERSITY MEDICAL CENTER,2201 HEMPSTEAD TURNPIKE,EAST MEADOW,NY,11554,NASSAU,(516) 572-0123,Cataract surgery outcome,OP_31,Improvement in Patient's Visual Function within 90 Days Following Cataract Surgery,Not Available,Not Available,5,01/01/2020,12/31/2020
330027,NASSAU UNIVERSITY MEDICAL CENTER,2201 HEMPSTEAD TURNPIKE,EAST MEADOW,NY,11554,NASSAU,(516) 572-0123,Heart Attack or Chest Pain,OP_3b,Median Time to Transfer to Another Facility for Acute Coronary Intervention,Not Available,Not Available,5,07/01/2020,03/31/2021
330027,NASSAU UNIVERSITY MEDICAL CENTER,2201 HEMPSTEAD TURNPIKE,EAST MEADOW,NY,11554,NASSAU,(516) 572-0123,Pregnancy and Delivery Care,PC_01,Elective Delivery,0,34,2,07/01/2020,03/31/2021
330027,NASSAU UNIVERSITY MEDICAL CENTER,2201 HEMPSTEAD TURNPIKE,EAST MEADOW,NY,11554,NASSAU,(516) 572-0123,Sepsis Care,SEP_1,Appropriate care for severe sepsis and septic shock,19,74,2,07/01/2020,03/31/2021
330027,NASSAU UNIVERSITY MEDICAL CENTER,2201 HEMPSTEAD TURNPIKE,EAST MEADOW,NY,11554,NASSAU,(516) 572-0123,Sepsis Care,SEP_SH_3HR,Septic Shock 3-Hour Bundle,69,29,2,07/01/2020,03/31/2021
330027,NASSAU UNIVERSITY MEDICAL CENTER,2201 HEMPSTEAD TURNPIKE,EAST MEADOW,NY,11554,NASSAU,(516) 572-0123,Sepsis Care,SEP_SH_6HR,Septic Shock 6-Hour Bundle,Not Available,Not Available,"1, 2",07/01/2020,03/31/2021
330027,NASSAU UNIVERSITY MEDICAL CENTER,2201 HEMPSTEAD TURNPIKE,EAST MEADOW,NY,11554,NASSAU,(516) 572-0123,Sepsis Care,SEV_SEP_3HR,Severe Sepsis 3-Hour Bundle,59,74,2,07/01/2020,03/31/2021
330027,NASSAU UNIVERSITY MEDICAL CENTER,2201 HEMPSTEAD TURNPIKE,EAST MEADOW,NY,11554,NASSAU,(516) 572-0123,Sepsis Care,SEV_SEP_6HR,Severe Sepsis 6-Hour Bundle,61,38,2,07/01/2020,03/31/2021
330106,NORTH SHORE UNIVERSITY HOSPITAL,300 COMMUNITY DRIVE,MANHASSET,NY,11030,NASSAU,(516) 562-0100,Emergency Department,EDV,Emergency department volume,very high,,,01/01/2020,12/31/2020
330106,NORTH SHORE UNIVERSITY HOSPITAL,300 COMMUNITY DRIVE,MANHASSET,NY,11030,NASSAU,(516) 562-0100,Preventive Care,IMM_3,Healthcare workers given influenza vaccination,77,10090,,10/01/2020,03/31/2021
330106,NORTH SHORE UNIVERSITY HOSPITAL,300 COMMUNITY DRIVE,MANHASSET,NY,11030,NASSAU,(516) 562-0100,Emergency Department,OP_18b,Average (median) time patients spent in the emergency department before leaving from the visit A lower number of minutes is better,232,282,,07/01/2020,03/31/2021
330106,NORTH SHORE UNIVERSITY HOSPITAL,300 COMMUNITY DRIVE,MANHASSET,NY,11030,NASSAU,(516) 562-0100,Emergency Department,OP_18c,Average (median) time patients spent in the emergency department before leaving from the visit- Psychiatric/Mental Health Patients.  A lower number of minutes is better,360,15,,07/01/2020,03/31/2021
330106,NORTH SHORE UNIVERSITY HOSPITAL,300 COMMUNITY DRIVE,MANHASSET,NY,11030,NASSAU,(516) 562-0100,Heart Attack or Chest Pain,OP_2,Fibrinolytic Therapy Received Within 30 Minutes of ED Arrival,Not Available,Not Available,7,07/01/2020,03/31/2021
330106,NORTH SHORE UNIVERSITY HOSPITAL,300 COMMUNITY DRIVE,MANHASSET,NY,11030,NASSAU,(516) 562-0100,Emergency Department,OP_22,Left before being seen,1,77495,,01/01/2020,12/31/2020
330106,NORTH SHORE UNIVERSITY HOSPITAL,300 COMMUNITY DRIVE,MANHASSET,NY,11030,NASSAU,(516) 562-0100,Emergency Department,OP_23,Head CT results,Not Available,Not Available,1,07/01/2020,03/31/2021
330106,NORTH SHORE UNIVERSITY HOSPITAL,300 COMMUNITY DRIVE,MANHASSET,NY,11030,NASSAU,(516) 562-0100,Colonoscopy care,OP_29,Endoscopy/polyp surveillance: appropriate follow-up interval for normal colonoscopy in average risk patients,81,137,,01/01/2020,12/31/2020
330106,NORTH SHORE UNIVERSITY HOSPITAL,300 COMMUNITY DRIVE,MANHASSET,NY,11030,NASSAU,(516) 562-0100,Cataract surgery outcome,OP_31,Improvement in Patient's Visual Function within 90 Days Following Cataract Surgery,Not Available,Not Available,5,01/01/2020,12/31/2020
330106,NORTH SHORE UNIVERSITY HOSPITAL,300 COMMUNITY DRIVE,MANHASSET,NY,11030,NASSAU,(516) 562-0100,Heart Attack or Chest Pain,OP_3b,Median Time to Transfer to Another Facility for Acute Coronary Intervention,Not Available,Not Available,1,07/01/2020,03/31/2021
330106,NORTH SHORE UNIVERSITY HOSPITAL,300 COMMUNITY DRIVE,MANHASSET,NY,11030,NASSAU,(516) 562-0100,Pregnancy and Delivery Care,PC_01,Elective Delivery,4,67,2,07/01/2020,03/31/2021
330106,NORTH SHORE UNIVERSITY HOSPITAL,300 COMMUNITY DRIVE,MANHASSET,NY,11030,NASSAU,(516) 562-0100,Sepsis Care,SEP_1,Appropriate care for severe sepsis and septic shock,62,97,2,07/01/2020,03/31/2021
330106,NORTH SHORE UNIVERSITY HOSPITAL,300 COMMUNITY DRIVE,MANHASSET,NY,11030,NASSAU,(516) 562-0100,Sepsis Care,SEP_SH_3HR,Septic Shock 3-Hour Bundle,77,82,2,07/01/2020,03/31/2021
330106,NORTH SHORE UNIVERSITY HOSPITAL,300 COMMUNITY DRIVE,MANHASSET,NY,11030,NASSAU,(516) 562-0100,Sepsis Care,SEP_SH_6HR,Septic Shock 6-Hour Bundle,Not Available,Not Available,"1, 2",07/01/2020,03/31/2021
330106,NORTH SHORE UNIVERSITY HOSPITAL,300 COMMUNITY DRIVE,MANHASSET,NY,11030,NASSAU,(516) 562-0100,Sepsis Care,SEV_SEP_3HR,Severe Sepsis 3-Hour Bundle,91,98,2,07/01/2020,03/31/2021
330106,NORTH SHORE UNIVERSITY HOSPITAL,300 COMMUNITY DRIVE,MANHASSET,NY,11030,NASSAU,(516) 562-0100,Sepsis Care,SEV_SEP_6HR,Severe Sepsis 6-Hour Bundle,91,68,2,07/01/2020,03/31/2021
330181,NORTHWELL HOSPITAL GLEN COVE,101 ST ANDREWS LANE,GLEN COVE,NY,11542,NASSAU,(516) 674-7300,Emergency Department,EDV,Emergency department volume,low,,,01/01/2020,12/31/2020
330181,NORTHWELL HOSPITAL GLEN COVE,101 ST ANDREWS LANE,GLEN COVE,NY,11542,NASSAU,(516) 674-7300,Preventive Care,IMM_3,Healthcare workers given influenza vaccination,73,1394,,10/01/2020,03/31/2021
330181,NORTHWELL HOSPITAL GLEN COVE,101 ST ANDREWS LANE,GLEN COVE,NY,11542,NASSAU,(516) 674-7300,Emergency Department,OP_18b,Average (median) time patients spent in the emergency department before leaving from the visit A lower number of minutes is better,115,272,,07/01/2020,03/31/2021
330181,NORTHWELL HOSPITAL GLEN COVE,101 ST ANDREWS LANE,GLEN COVE,NY,11542,NASSAU,(516) 674-7300,Emergency Department,OP_18c,Average (median) time patients spent in the emergency department before leaving from the visit- Psychiatric/Mental Health Patients.  A lower number of minutes is better,214,12,,07/01/2020,03/31/2021
330181,NORTHWELL HOSPITAL GLEN COVE,101 ST ANDREWS LANE,GLEN COVE,NY,11542,NASSAU,(516) 674-7300,Heart Attack or Chest Pain,OP_2,Fibrinolytic Therapy Received Within 30 Minutes of ED Arrival,Not Available,Not Available,7,07/01/2020,03/31/2021
330181,NORTHWELL HOSPITAL GLEN COVE,101 ST ANDREWS LANE,GLEN COVE,NY,11542,NASSAU,(516) 674-7300,Emergency Department,OP_22,Left before being seen,0,15205,,01/01/2020,12/31/2020
330181,NORTHWELL HOSPITAL GLEN COVE,101 ST ANDREWS LANE,GLEN COVE,NY,11542,NASSAU,(516) 674-7300,Emergency Department,OP_23,Head CT results,Not Available,Not Available,1,07/01/2020,03/31/2021
330181,NORTHWELL HOSPITAL GLEN COVE,101 ST ANDREWS LANE,GLEN COVE,NY,11542,NASSAU,(516) 674-7300,Colonoscopy care,OP_29,Endoscopy/polyp surveillance: appropriate follow-up interval for normal colonoscopy in average risk patients,Not Available,Not Available,1,01/01/2020,12/31/2020
330181,NORTHWELL HOSPITAL GLEN COVE,101 ST ANDREWS LANE,GLEN COVE,NY,11542,NASSAU,(516) 674-7300,Cataract surgery outcome,OP_31,Improvement in Patient's Visual Function within 90 Days Following Cataract Surgery,Not Available,Not Available,5,01/01/2020,12/31/2020
330181,NORTHWELL HOSPITAL GLEN COVE,101 ST ANDREWS LANE,GLEN COVE,NY,11542,NASSAU,(516) 674-7300,Heart Attack or Chest Pain,OP_3b,Median Time to Transfer to Another Facility for Acute Coronary Intervention,Not Available,Not Available,1,07/01/2020,03/31/2021
330181,NORTHWELL HOSPITAL GLEN COVE,101 ST ANDREWS LANE,GLEN COVE,NY,11542,NASSAU,(516) 674-7300,Pregnancy and Delivery Care,PC_01,Elective Delivery,Not Available,Not Available,7,07/01/2020,03/31/2021
330181,NORTHWELL HOSPITAL GLEN COVE,101 ST ANDREWS LANE,GLEN COVE,NY,11542,NASSAU,(516) 674-7300,Sepsis Care,SEP_1,Appropriate care for severe sepsis and septic shock,80,46,2,07/01/2020,03/31/2021
330181,NORTHWELL HOSPITAL GLEN COVE,101 ST ANDREWS LANE,GLEN COVE,NY,11542,NASSAU,(516) 674-7300,Sepsis Care,SEP_SH_3HR,Septic Shock 3-Hour Bundle,90,42,2,07/01/2020,03/31/2021
330181,NORTHWELL HOSPITAL GLEN COVE,101 ST ANDREWS LANE,GLEN COVE,NY,11542,NASSAU,(516) 674-7300,Sepsis Care,SEP_SH_6HR,Septic Shock 6-Hour Bundle,100,11,2,07/01/2020,03/31/2021
330181,NORTHWELL HOSPITAL GLEN COVE,101 ST ANDREWS LANE,GLEN COVE,NY,11542,NASSAU,(516) 674-7300,Sepsis Care,SEV_SEP_3HR,Severe Sepsis 3-Hour Bundle,94,47,2,07/01/2020,03/31/2021
330181,NORTHWELL HOSPITAL GLEN COVE,101 ST ANDREWS LANE,GLEN COVE,NY,11542,NASSAU,(516) 674-7300,Sepsis Care,SEV_SEP_6HR,Severe Sepsis 6-Hour Bundle,97,32,2,07/01/2020,03/31/2021
330182,ST FRANCIS HOSPITAL - THE HEART CENTER,100 PORT WASHINGTON BOULEVARD,ROSLYN,NY,11576,NASSAU,(516) 562-6000,Emergency Department,EDV,Emergency department volume,medium,,,01/01/2020,12/31/2020
330182,ST FRANCIS HOSPITAL - THE HEART CENTER,100 PORT WASHINGTON BOULEVARD,ROSLYN,NY,11576,NASSAU,(516) 562-6000,Preventive Care,IMM_3,Healthcare workers given influenza vaccination,74,5095,,10/01/2020,03/31/2021
330182,ST FRANCIS HOSPITAL - THE HEART CENTER,100 PORT WASHINGTON BOULEVARD,ROSLYN,NY,11576,NASSAU,(516) 562-6000,Emergency Department,OP_18b,Average (median) time patients spent in the emergency department before leaving from the visit A lower number of minutes is better,168,376,,07/01/2020,03/31/2021
330182,ST FRANCIS HOSPITAL - THE HEART CENTER,100 PORT WASHINGTON BOULEVARD,ROSLYN,NY,11576,NASSAU,(516) 562-6000,Emergency Department,OP_18c,Average (median) time patients spent in the emergency department before leaving from the visit- Psychiatric/Mental Health Patients.  A lower number of minutes is better,Not Available,Not Available,1,07/01/2020,03/31/2021
330182,ST FRANCIS HOSPITAL - THE HEART CENTER,100 PORT WASHINGTON BOULEVARD,ROSLYN,NY,11576,NASSAU,(516) 562-6000,Heart Attack or Chest Pain,OP_2,Fibrinolytic Therapy Received Within 30 Minutes of ED Arrival,Not Available,Not Available,5,07/01/2020,03/31/2021
330182,ST FRANCIS HOSPITAL - THE HEART CENTER,100 PORT WASHINGTON BOULEVARD,ROSLYN,NY,11576,NASSAU,(516) 562-6000,Emergency Department,OP_22,Left before being seen,0,29519,,01/01/2020,12/31/2020
330182,ST FRANCIS HOSPITAL - THE HEART CENTER,100 PORT WASHINGTON BOULEVARD,ROSLYN,NY,11576,NASSAU,(516) 562-6000,Emergency Department,OP_23,Head CT results,Not Available,Not Available,1,07/01/2020,03/31/2021
330182,ST FRANCIS HOSPITAL - THE HEART CENTER,100 PORT WASHINGTON BOULEVARD,ROSLYN,NY,11576,NASSAU,(516) 562-6000,Colonoscopy care,OP_29,Endoscopy/polyp surveillance: appropriate follow-up interval for normal colonoscopy in average risk patients,Not Available,Not Available,1,01/01/2020,12/31/2020
330182,ST FRANCIS HOSPITAL - THE HEART CENTER,100 PORT WASHINGTON BOULEVARD,ROSLYN,NY,11576,NASSAU,(516) 562-6000,Cataract surgery outcome,OP_31,Improvement in Patient's Visual Function within 90 Days Following Cataract Surgery,Not Available,Not Available,5,01/01/2020,12/31/2020
330182,ST FRANCIS HOSPITAL - THE HEART CENTER,100 PORT WASHINGTON BOULEVARD,ROSLYN,NY,11576,NASSAU,(516) 562-6000,Heart Attack or Chest Pain,OP_3b,Median Time to Transfer to Another Facility for Acute Coronary Intervention,Not Available,Not Available,5,07/01/2020,03/31/2021
330182,ST FRANCIS HOSPITAL - THE HEART CENTER,100 PORT WASHINGTON BOULEVARD,ROSLYN,NY,11576,NASSAU,(516) 562-6000,Pregnancy and Delivery Care,PC_01,Elective Delivery,Not Available,Not Available,7,07/01/2020,03/31/2021
330182,ST FRANCIS HOSPITAL - THE HEART CENTER,100 PORT WASHINGTON BOULEVARD,ROSLYN,NY,11576,NASSAU,(516) 562-6000,Sepsis Care,SEP_1,Appropriate care for severe sepsis and septic shock,46,123,2,07/01/2020,03/31/2021
330182,ST FRANCIS HOSPITAL - THE HEART CENTER,100 PORT WASHINGTON BOULEVARD,ROSLYN,NY,11576,NASSAU,(516) 562-6000,Sepsis Care,SEP_SH_3HR,Septic Shock 3-Hour Bundle,75,84,2,07/01/2020,03/31/2021
330182,ST FRANCIS HOSPITAL - THE HEART CENTER,100 PORT WASHINGTON BOULEVARD,ROSLYN,NY,11576,NASSAU,(516) 562-6000,Sepsis Care,SEP_SH_6HR,Septic Shock 6-Hour Bundle,Not Available,Not Available,"1, 2",07/01/2020,03/31/2021
330182,ST FRANCIS HOSPITAL - THE HEART CENTER,100 PORT WASHINGTON BOULEVARD,ROSLYN,NY,11576,NASSAU,(516) 562-6000,Sepsis Care,SEV_SEP_3HR,Severe Sepsis 3-Hour Bundle,73,124,2,07/01/2020,03/31/2021
330182,ST FRANCIS HOSPITAL - THE HEART CENTER,100 PORT WASHINGTON BOULEVARD,ROSLYN,NY,11576,NASSAU,(516) 562-6000,Sepsis Care,SEV_SEP_6HR,Severe Sepsis 6-Hour Bundle,89,47,2,07/01/2020,03/31/2021
330195,LONG ISLAND JEWISH MEDICAL CENTER,270 - 05 76TH AVENUE,NEW HYDE PARK,NY,11040,NASSAU,(718) 470-7000,Emergency Department,EDV,Emergency department volume,very high,,,01/01/2020,12/31/2020
330195,LONG ISLAND JEWISH MEDICAL CENTER,270 - 05 76TH AVENUE,NEW HYDE PARK,NY,11040,NASSAU,(718) 470-7000,Preventive Care,IMM_3,Healthcare workers given influenza vaccination,74,14157,,10/01/2020,03/31/2021
330195,LONG ISLAND JEWISH MEDICAL CENTER,270 - 05 76TH AVENUE,NEW HYDE PARK,NY,11040,NASSAU,(718) 470-7000,Emergency Department,OP_18b,Average (median) time patients spent in the emergency department before leaving from the visit A lower number of minutes is better,202,261,,07/01/2020,03/31/2021
330195,LONG ISLAND JEWISH MEDICAL CENTER,270 - 05 76TH AVENUE,NEW HYDE PARK,NY,11040,NASSAU,(718) 470-7000,Emergency Department,OP_18c,Average (median) time patients spent in the emergency department before leaving from the visit- Psychiatric/Mental Health Patients.  A lower number of minutes is better,236,23,,07/01/2020,03/31/2021
330195,LONG ISLAND JEWISH MEDICAL CENTER,270 - 05 76TH AVENUE,NEW HYDE PARK,NY,11040,NASSAU,(718) 470-7000,Heart Attack or Chest Pain,OP_2,Fibrinolytic Therapy Received Within 30 Minutes of ED Arrival,Not Available,Not Available,7,07/01/2020,03/31/2021
330195,LONG ISLAND JEWISH MEDICAL CENTER,270 - 05 76TH AVENUE,NEW HYDE PARK,NY,11040,NASSAU,(718) 470-7000,Emergency Department,OP_22,Left before being seen,1,158755,,01/01/2020,12/31/2020
330195,LONG ISLAND JEWISH MEDICAL CENTER,270 - 05 76TH AVENUE,NEW HYDE PARK,NY,11040,NASSAU,(718) 470-7000,Emergency Department,OP_23,Head CT results,69,49,,07/01/2020,03/31/2021
330195,LONG ISLAND JEWISH MEDICAL CENTER,270 - 05 76TH AVENUE,NEW HYDE PARK,NY,11040,NASSAU,(718) 470-7000,Colonoscopy care,OP_29,Endoscopy/polyp surveillance: appropriate follow-up interval for normal colonoscopy in average risk patients,78,196,,01/01/2020,12/31/2020
330195,LONG ISLAND JEWISH MEDICAL CENTER,270 - 05 76TH AVENUE,NEW HYDE PARK,NY,11040,NASSAU,(718) 470-7000,Cataract surgery outcome,OP_31,Improvement in Patient's Visual Function within 90 Days Following Cataract Surgery,Not Available,Not Available,5,01/01/2020,12/31/2020
330195,LONG ISLAND JEWISH MEDICAL CENTER,270 - 05 76TH AVENUE,NEW HYDE PARK,NY,11040,NASSAU,(718) 470-7000,Heart Attack or Chest Pain,OP_3b,Median Time to Transfer to Another Facility for Acute Coronary Intervention,52,24,,07/01/2020,03/31/2021
330195,LONG ISLAND JEWISH MEDICAL CENTER,270 - 05 76TH AVENUE,NEW HYDE PARK,NY,11040,NASSAU,(718) 470-7000,Pregnancy and Delivery Care,PC_01,Elective Delivery,6,50,2,07/01/2020,03/31/2021
330195,LONG ISLAND JEWISH MEDICAL CENTER,270 - 05 76TH AVENUE,NEW HYDE PARK,NY,11040,NASSAU,(718) 470-7000,Sepsis Care,SEP_1,Appropriate care for severe sepsis and septic shock,46,89,2,07/01/2020,03/31/2021
330195,LONG ISLAND JEWISH MEDICAL CENTER,270 - 05 76TH AVENUE,NEW HYDE PARK,NY,11040,NASSAU,(718) 470-7000,Sepsis Care,SEP_SH_3HR,Septic Shock 3-Hour Bundle,86,57,2,07/01/2020,03/31/2021
330195,LONG ISLAND JEWISH MEDICAL CENTER,270 - 05 76TH AVENUE,NEW HYDE PARK,NY,11040,NASSAU,(718) 470-7000,Sepsis Care,SEP_SH_6HR,Septic Shock 6-Hour Bundle,73,11,2,07/01/2020,03/31/2021
330195,LONG ISLAND JEWISH MEDICAL CENTER,270 - 05 76TH AVENUE,NEW HYDE PARK,NY,11040,NASSAU,(718) 470-7000,Sepsis Care,SEV_SEP_3HR,Severe Sepsis 3-Hour Bundle,74,89,2,07/01/2020,03/31/2021
330195,LONG ISLAND JEWISH MEDICAL CENTER,270 - 05 76TH AVENUE,NEW HYDE PARK,NY,11040,NASSAU,(718) 470-7000,Sepsis Care,SEV_SEP_6HR,Severe Sepsis 6-Hour Bundle,83,54,2,07/01/2020,03/31/2021
330198,MOUNT SINAI SOUTH NASSAU,ONE HEALTHY WAY,OCEANSIDE,NY,11572,NASSAU,(516) 632-3000,Emergency Department,EDV,Emergency department volume,high,,,01/01/2020,12/31/2020
330198,MOUNT SINAI SOUTH NASSAU,ONE HEALTHY WAY,OCEANSIDE,NY,11572,NASSAU,(516) 632-3000,Preventive Care,IMM_3,Healthcare workers given influenza vaccination,82,5447,,10/01/2020,03/31/2021
330198,MOUNT SINAI SOUTH NASSAU,ONE HEALTHY WAY,OCEANSIDE,NY,11572,NASSAU,(516) 632-3000,Emergency Department,OP_18b,Average (median) time patients spent in the emergency department before leaving from the visit A lower number of minutes is better,242,267,,07/01/2020,03/31/2021
330198,MOUNT SINAI SOUTH NASSAU,ONE HEALTHY WAY,OCEANSIDE,NY,11572,NASSAU,(516) 632-3000,Emergency Department,OP_18c,Average (median) time patients spent in the emergency department before leaving from the visit- Psychiatric/Mental Health Patients.  A lower number of minutes is better,280,13,,07/01/2020,03/31/2021
330198,MOUNT SINAI SOUTH NASSAU,ONE HEALTHY WAY,OCEANSIDE,NY,11572,NASSAU,(516) 632-3000,Heart Attack or Chest Pain,OP_2,Fibrinolytic Therapy Received Within 30 Minutes of ED Arrival,Not Available,Not Available,5,07/01/2020,03/31/2021
330198,MOUNT SINAI SOUTH NASSAU,ONE HEALTHY WAY,OCEANSIDE,NY,11572,NASSAU,(516) 632-3000,Emergency Department,OP_22,Left before being seen,2,56528,,01/01/2020,12/31/2020
330198,MOUNT SINAI SOUTH NASSAU,ONE HEALTHY WAY,OCEANSIDE,NY,11572,NASSAU,(516) 632-3000,Emergency Department,OP_23,Head CT results,93,14,,07/01/2020,03/31/2021
330198,MOUNT SINAI SOUTH NASSAU,ONE HEALTHY WAY,OCEANSIDE,NY,11572,NASSAU,(516) 632-3000,Colonoscopy care,OP_29,Endoscopy/polyp surveillance: appropriate follow-up interval for normal colonoscopy in average risk patients,96,107,,01/01/2020,12/31/2020
330198,MOUNT SINAI SOUTH NASSAU,ONE HEALTHY WAY,OCEANSIDE,NY,11572,NASSAU,(516) 632-3000,Cataract surgery outcome,OP_31,Improvement in Patient's Visual Function within 90 Days Following Cataract Surgery,Not Available,Not Available,5,01/01/2020,12/31/2020
330198,MOUNT SINAI SOUTH NASSAU,ONE HEALTHY WAY,OCEANSIDE,NY,11572,NASSAU,(516) 632-3000,Heart Attack or Chest Pain,OP_3b,Median Time to Transfer to Another Facility for Acute Coronary Intervention,Not Available,Not Available,5,07/01/2020,03/31/2021
330198,MOUNT SINAI SOUTH NASSAU,ONE HEALTHY WAY,OCEANSIDE,NY,11572,NASSAU,(516) 632-3000,Pregnancy and Delivery Care,PC_01,Elective Delivery,0,105,,07/01/2020,03/31/2021
330198,MOUNT SINAI SOUTH NASSAU,ONE HEALTHY WAY,OCEANSIDE,NY,11572,NASSAU,(516) 632-3000,Sepsis Care,SEP_1,Appropriate care for severe sepsis and septic shock,71,85,2,07/01/2020,03/31/2021
330198,MOUNT SINAI SOUTH NASSAU,ONE HEALTHY WAY,OCEANSIDE,NY,11572,NASSAU,(516) 632-3000,Sepsis Care,SEP_SH_3HR,Septic Shock 3-Hour Bundle,86,72,2,07/01/2020,03/31/2021
330198,MOUNT SINAI SOUTH NASSAU,ONE HEALTHY WAY,OCEANSIDE,NY,11572,NASSAU,(516) 632-3000,Sepsis Care,SEP_SH_6HR,Septic Shock 6-Hour Bundle,90,21,2,07/01/2020,03/31/2021
330198,MOUNT SINAI SOUTH NASSAU,ONE HEALTHY WAY,OCEANSIDE,NY,11572,NASSAU,(516) 632-3000,Sepsis Care,SEV_SEP_3HR,Severe Sepsis 3-Hour Bundle,87,85,2,07/01/2020,03/31/2021
330198,MOUNT SINAI SOUTH NASSAU,ONE HEALTHY WAY,OCEANSIDE,NY,11572,NASSAU,(516) 632-3000,Sepsis Care,SEV_SEP_6HR,Severe Sepsis 6-Hour Bundle,96,47,2,07/01/2020,03/31/2021
330259,MERCY MEDICAL CENTER,1000 NORTH VILLAGE AVENUE,ROCKVILLE CENTRE,NY,11570,NASSAU,(516) 705-2525,Emergency Department,EDV,Emergency department volume,medium,,,01/01/2020,12/31/2020
330259,MERCY MEDICAL CENTER,1000 NORTH VILLAGE AVENUE,ROCKVILLE CENTRE,NY,11570,NASSAU,(516) 705-2525,Preventive Care,IMM_3,Healthcare workers given influenza vaccination,69,2588,,10/01/2020,03/31/2021
330259,MERCY MEDICAL CENTER,1000 NORTH VILLAGE AVENUE,ROCKVILLE CENTRE,NY,11570,NASSAU,(516) 705-2525,Emergency Department,OP_18b,Average (median) time patients spent in the emergency department before leaving from the visit A lower number of minutes is better,197,281,,07/01/2020,03/31/2021
330259,MERCY MEDICAL CENTER,1000 NORTH VILLAGE AVENUE,ROCKVILLE CENTRE,NY,11570,NASSAU,(516) 705-2525,Emergency Department,OP_18c,Average (median) time patients spent in the emergency department before leaving from the visit- Psychiatric/Mental Health Patients.  A lower number of minutes is better,332,11,,07/01/2020,03/31/2021
330259,MERCY MEDICAL CENTER,1000 NORTH VILLAGE AVENUE,ROCKVILLE CENTRE,NY,11570,NASSAU,(516) 705-2525,Heart Attack or Chest Pain,OP_2,Fibrinolytic Therapy Received Within 30 Minutes of ED Arrival,Not Available,Not Available,7,07/01/2020,03/31/2021
330259,MERCY MEDICAL CENTER,1000 NORTH VILLAGE AVENUE,ROCKVILLE CENTRE,NY,11570,NASSAU,(516) 705-2525,Emergency Department,OP_22,Left before being seen,1,26284,,01/01/2020,12/31/2020
330259,MERCY MEDICAL CENTER,1000 NORTH VILLAGE AVENUE,ROCKVILLE CENTRE,NY,11570,NASSAU,(516) 705-2525,Emergency Department,OP_23,Head CT results,Not Available,Not Available,1,07/01/2020,03/31/2021
330259,MERCY MEDICAL CENTER,1000 NORTH VILLAGE AVENUE,ROCKVILLE CENTRE,NY,11570,NASSAU,(516) 705-2525,Colonoscopy care,OP_29,Endoscopy/polyp surveillance: appropriate follow-up interval for normal colonoscopy in average risk patients,82,68,,01/01/2020,12/31/2020
330259,MERCY MEDICAL CENTER,1000 NORTH VILLAGE AVENUE,ROCKVILLE CENTRE,NY,11570,NASSAU,(516) 705-2525,Cataract surgery outcome,OP_31,Improvement in Patient's Visual Function within 90 Days Following Cataract Surgery,Not Available,Not Available,5,01/01/2020,12/31/2020
330259,MERCY MEDICAL CENTER,1000 NORTH VILLAGE AVENUE,ROCKVILLE CENTRE,NY,11570,NASSAU,(516) 705-2525,Heart Attack or Chest Pain,OP_3b,Median Time to Transfer to Another Facility for Acute Coronary Intervention,Not Available,Not Available,1,07/01/2020,03/31/2021
330259,MERCY MEDICAL CENTER,1000 NORTH VILLAGE AVENUE,ROCKVILLE CENTRE,NY,11570,NASSAU,(516) 705-2525,Pregnancy and Delivery Care,PC_01,Elective Delivery,0,18,2,07/01/2020,03/31/2021
330259,MERCY MEDICAL CENTER,1000 NORTH VILLAGE AVENUE,ROCKVILLE CENTRE,NY,11570,NASSAU,(516) 705-2525,Sepsis Care,SEP_1,Appropriate care for severe sepsis and septic shock,69,70,2,07/01/2020,03/31/2021
330259,MERCY MEDICAL CENTER,1000 NORTH VILLAGE AVENUE,ROCKVILLE CENTRE,NY,11570,NASSAU,(516) 705-2525,Sepsis Care,SEP_SH_3HR,Septic Shock 3-Hour Bundle,91,54,2,07/01/2020,03/31/2021
330259,MERCY MEDICAL CENTER,1000 NORTH VILLAGE AVENUE,ROCKVILLE CENTRE,NY,11570,NASSAU,(516) 705-2525,Sepsis Care,SEP_SH_6HR,Septic Shock 6-Hour Bundle,95,19,2,07/01/2020,03/31/2021
330259,MERCY MEDICAL CENTER,1000 NORTH VILLAGE AVENUE,ROCKVILLE CENTRE,NY,11570,NASSAU,(516) 705-2525,Sepsis Care,SEV_SEP_3HR,Severe Sepsis 3-Hour Bundle,86,70,2,07/01/2020,03/31/2021
330259,MERCY MEDICAL CENTER,1000 NORTH VILLAGE AVENUE,ROCKVILLE CENTRE,NY,11570,NASSAU,(516) 705-2525,Sepsis Care,SEV_SEP_6HR,Severe Sepsis 6-Hour Bundle,86,44,2,07/01/2020,03/31/2021
330331,PLAINVIEW HOSPITAL,888 OLD COUNTRY ROAD,PLAINVIEW,NY,11803,NASSAU,(516) 719-3000,Emergency Department,EDV,Emergency department volume,medium,,,01/01/2020,12/31/2020
330331,PLAINVIEW HOSPITAL,888 OLD COUNTRY ROAD,PLAINVIEW,NY,11803,NASSAU,(516) 719-3000,Preventive Care,IMM_3,Healthcare workers given influenza vaccination,76,1796,,10/01/2020,03/31/2021
330331,PLAINVIEW HOSPITAL,888 OLD COUNTRY ROAD,PLAINVIEW,NY,11803,NASSAU,(516) 719-3000,Emergency Department,OP_18b,Average (median) time patients spent in the emergency department before leaving from the visit A lower number of minutes is better,200,266,,07/01/2020,03/31/2021
330331,PLAINVIEW HOSPITAL,888 OLD COUNTRY ROAD,PLAINVIEW,NY,11803,NASSAU,(516) 719-3000,Emergency Department,OP_18c,Average (median) time patients spent in the emergency department before leaving from the visit- Psychiatric/Mental Health Patients.  A lower number of minutes is better,Not Available,Not Available,1,07/01/2020,03/31/2021
330331,PLAINVIEW HOSPITAL,888 OLD COUNTRY ROAD,PLAINVIEW,NY,11803,NASSAU,(516) 719-3000,Heart Attack or Chest Pain,OP_2,Fibrinolytic Therapy Received Within 30 Minutes of ED Arrival,Not Available,Not Available,7,07/01/2020,03/31/2021
330331,PLAINVIEW HOSPITAL,888 OLD COUNTRY ROAD,PLAINVIEW,NY,11803,NASSAU,(516) 719-3000,Emergency Department,OP_22,Left before being seen,0,24623,,01/01/2020,12/31/2020
330331,PLAINVIEW HOSPITAL,888 OLD COUNTRY ROAD,PLAINVIEW,NY,11803,NASSAU,(516) 719-3000,Emergency Department,OP_23,Head CT results,Not Available,Not Available,1,07/01/2020,03/31/2021
330331,PLAINVIEW HOSPITAL,888 OLD COUNTRY ROAD,PLAINVIEW,NY,11803,NASSAU,(516) 719-3000,Colonoscopy care,OP_29,Endoscopy/polyp surveillance: appropriate follow-up interval for normal colonoscopy in average risk patients,88,96,,01/01/2020,12/31/2020
330331,PLAINVIEW HOSPITAL,888 OLD COUNTRY ROAD,PLAINVIEW,NY,11803,NASSAU,(516) 719-3000,Cataract surgery outcome,OP_31,Improvement in Patient's Visual Function within 90 Days Following Cataract Surgery,Not Available,Not Available,5,01/01/2020,12/31/2020
330331,PLAINVIEW HOSPITAL,888 OLD COUNTRY ROAD,PLAINVIEW,NY,11803,NASSAU,(516) 719-3000,Heart Attack or Chest Pain,OP_3b,Median Time to Transfer to Another Facility for Acute Coronary Intervention,73,19,,07/01/2020,03/31/2021
330331,PLAINVIEW HOSPITAL,888 OLD COUNTRY ROAD,PLAINVIEW,NY,11803,NASSAU,(516) 719-3000,Pregnancy and Delivery Care,PC_01,Elective Delivery,Not Available,Not Available,7,07/01/2020,03/31/2021
330331,PLAINVIEW HOSPITAL,888 OLD COUNTRY ROAD,PLAINVIEW,NY,11803,NASSAU,(516) 719-3000,Sepsis Care,SEP_1,Appropriate care for severe sepsis and septic shock,62,61,2,07/01/2020,03/31/2021
330331,PLAINVIEW HOSPITAL,888 OLD COUNTRY ROAD,PLAINVIEW,NY,11803,NASSAU,(516) 719-3000,Sepsis Care,SEP_SH_3HR,Septic Shock 3-Hour Bundle,89,45,2,07/01/2020,03/31/2021
330331,PLAINVIEW HOSPITAL,888 OLD COUNTRY ROAD,PLAINVIEW,NY,11803,NASSAU,(516) 719-3000,Sepsis Care,SEP_SH_6HR,Septic Shock 6-Hour Bundle,Not Available,Not Available,"1, 2, 3",07/01/2020,03/31/2021
330331,PLAINVIEW HOSPITAL,888 OLD COUNTRY ROAD,PLAINVIEW,NY,11803,NASSAU,(516) 719-3000,Sepsis Care,SEV_SEP_3HR,Severe Sepsis 3-Hour Bundle,85,62,2,07/01/2020,03/31/2021
330331,PLAINVIEW HOSPITAL,888 OLD COUNTRY ROAD,PLAINVIEW,NY,11803,NASSAU,(516) 719-3000,Sepsis Care,SEV_SEP_6HR,Severe Sepsis 6-Hour Bundle,83,41,2,07/01/2020,03/31/2021
330332,CHSLI ST JOSEPH HOSPITAL,4295 HEMPSTEAD TURNPIKE,BETHPAGE,NY,11714,NASSAU,(516) 579-6000,Emergency Department,EDV,Emergency department volume,medium,,,01/01/2020,12/31/2020
330332,CHSLI ST JOSEPH HOSPITAL,4295 HEMPSTEAD TURNPIKE,BETHPAGE,NY,11714,NASSAU,(516) 579-6000,Preventive Care,IMM_3,Healthcare workers given influenza vaccination,88,1405,,10/01/2020,03/31/2021
330332,CHSLI ST JOSEPH HOSPITAL,4295 HEMPSTEAD TURNPIKE,BETHPAGE,NY,11714,NASSAU,(516) 579-6000,Emergency Department,OP_18b,Average (median) time patients spent in the emergency department before leaving from the visit A lower number of minutes is better,200,292,,07/01/2020,03/31/2021
330332,CHSLI ST JOSEPH HOSPITAL,4295 HEMPSTEAD TURNPIKE,BETHPAGE,NY,11714,NASSAU,(516) 579-6000,Emergency Department,OP_18c,Average (median) time patients spent in the emergency department before leaving from the visit- Psychiatric/Mental Health Patients.  A lower number of minutes is better,Not Available,Not Available,1,07/01/2020,03/31/2021
330332,CHSLI ST JOSEPH HOSPITAL,4295 HEMPSTEAD TURNPIKE,BETHPAGE,NY,11714,NASSAU,(516) 579-6000,Heart Attack or Chest Pain,OP_2,Fibrinolytic Therapy Received Within 30 Minutes of ED Arrival,Not Available,Not Available,1,07/01/2020,03/31/2021
330332,CHSLI ST JOSEPH HOSPITAL,4295 HEMPSTEAD TURNPIKE,BETHPAGE,NY,11714,NASSAU,(516) 579-6000,Emergency Department,OP_22,Left before being seen,0,25238,,01/01/2020,12/31/2020
330332,CHSLI ST JOSEPH HOSPITAL,4295 HEMPSTEAD TURNPIKE,BETHPAGE,NY,11714,NASSAU,(516) 579-6000,Emergency Department,OP_23,Head CT results,85,27,,07/01/2020,03/31/2021
330332,CHSLI ST JOSEPH HOSPITAL,4295 HEMPSTEAD TURNPIKE,BETHPAGE,NY,11714,NASSAU,(516) 579-6000,Colonoscopy care,OP_29,Endoscopy/polyp surveillance: appropriate follow-up interval for normal colonoscopy in average risk patients,46,13,,01/01/2020,12/31/2020
330332,CHSLI ST JOSEPH HOSPITAL,4295 HEMPSTEAD TURNPIKE,BETHPAGE,NY,11714,NASSAU,(516) 579-6000,Cataract surgery outcome,OP_31,Improvement in Patient's Visual Function within 90 Days Following Cataract Surgery,Not Available,Not Available,5,01/01/2020,12/31/2020
330332,CHSLI ST JOSEPH HOSPITAL,4295 HEMPSTEAD TURNPIKE,BETHPAGE,NY,11714,NASSAU,(516) 579-6000,Heart Attack or Chest Pain,OP_3b,Median Time to Transfer to Another Facility for Acute Coronary Intervention,Not Available,Not Available,"3, 7",07/01/2020,03/31/2021
330332,CHSLI ST JOSEPH HOSPITAL,4295 HEMPSTEAD TURNPIKE,BETHPAGE,NY,11714,NASSAU,(516) 579-6000,Pregnancy and Delivery Care,PC_01,Elective Delivery,Not Available,Not Available,7,07/01/2020,03/31/2021
330332,CHSLI ST JOSEPH HOSPITAL,4295 HEMPSTEAD TURNPIKE,BETHPAGE,NY,11714,NASSAU,(516) 579-6000,Sepsis Care,SEP_1,Appropriate care for severe sepsis and septic shock,75,76,2,07/01/2020,03/31/2021
330332,CHSLI ST JOSEPH HOSPITAL,4295 HEMPSTEAD TURNPIKE,BETHPAGE,NY,11714,NASSAU,(516) 579-6000,Sepsis Care,SEP_SH_3HR,Septic Shock 3-Hour Bundle,94,62,2,07/01/2020,03/31/2021
330332,CHSLI ST JOSEPH HOSPITAL,4295 HEMPSTEAD TURNPIKE,BETHPAGE,NY,11714,NASSAU,(516) 579-6000,Sepsis Care,SEP_SH_6HR,Septic Shock 6-Hour Bundle,100,14,2,07/01/2020,03/31/2021
330332,CHSLI ST JOSEPH HOSPITAL,4295 HEMPSTEAD TURNPIKE,BETHPAGE,NY,11714,NASSAU,(516) 579-6000,Sepsis Care,SEV_SEP_3HR,Severe Sepsis 3-Hour Bundle,84,80,2,07/01/2020,03/31/2021
330332,CHSLI ST JOSEPH HOSPITAL,4295 HEMPSTEAD TURNPIKE,BETHPAGE,NY,11714,NASSAU,(516) 579-6000,Sepsis Care,SEV_SEP_6HR,Severe Sepsis 6-Hour Bundle,98,41,2,07/01/2020,03/31/2021
330043,NS/LIJ HS SOUTHSIDE HOSPITAL,301 EAST MAIN STREET,BAY SHORE,NY,11706,SUFFOLK,(631) 968-3000,Emergency Department,EDV,Emergency department volume,very high,,,01/01/2020,12/31/2020
330043,NS/LIJ HS SOUTHSIDE HOSPITAL,301 EAST MAIN STREET,BAY SHORE,NY,11706,SUFFOLK,(631) 968-3000,Preventive Care,IMM_3,Healthcare workers given influenza vaccination,73,3681,,10/01/2020,03/31/2021
330043,NS/LIJ HS SOUTHSIDE HOSPITAL,301 EAST MAIN STREET,BAY SHORE,NY,11706,SUFFOLK,(631) 968-3000,Emergency Department,OP_18b,Average (median) time patients spent in the emergency department before leaving from the visit A lower number of minutes is better,150,222,,07/01/2020,03/31/2021
330043,NS/LIJ HS SOUTHSIDE HOSPITAL,301 EAST MAIN STREET,BAY SHORE,NY,11706,SUFFOLK,(631) 968-3000,Emergency Department,OP_18c,Average (median) time patients spent in the emergency department before leaving from the visit- Psychiatric/Mental Health Patients.  A lower number of minutes is better,353,17,,07/01/2020,03/31/2021
330043,NS/LIJ HS SOUTHSIDE HOSPITAL,301 EAST MAIN STREET,BAY SHORE,NY,11706,SUFFOLK,(631) 968-3000,Heart Attack or Chest Pain,OP_2,Fibrinolytic Therapy Received Within 30 Minutes of ED Arrival,Not Available,Not Available,"3, 7",07/01/2020,03/31/2021
330043,NS/LIJ HS SOUTHSIDE HOSPITAL,301 EAST MAIN STREET,BAY SHORE,NY,11706,SUFFOLK,(631) 968-3000,Emergency Department,OP_22,Left before being seen,1,61902,,01/01/2020,12/31/2020
330043,NS/LIJ HS SOUTHSIDE HOSPITAL,301 EAST MAIN STREET,BAY SHORE,NY,11706,SUFFOLK,(631) 968-3000,Emergency Department,OP_23,Head CT results,Not Available,Not Available,1,07/01/2020,03/31/2021
330043,NS/LIJ HS SOUTHSIDE HOSPITAL,301 EAST MAIN STREET,BAY SHORE,NY,11706,SUFFOLK,(631) 968-3000,Colonoscopy care,OP_29,Endoscopy/polyp surveillance: appropriate follow-up interval for normal colonoscopy in average risk patients,100,96,,01/01/2020,12/31/2020
330043,NS/LIJ HS SOUTHSIDE HOSPITAL,301 EAST MAIN STREET,BAY SHORE,NY,11706,SUFFOLK,(631) 968-3000,Cataract surgery outcome,OP_31,Improvement in Patient's Visual Function within 90 Days Following Cataract Surgery,Not Available,Not Available,5,01/01/2020,12/31/2020
330043,NS/LIJ HS SOUTHSIDE HOSPITAL,301 EAST MAIN STREET,BAY SHORE,NY,11706,SUFFOLK,(631) 968-3000,Heart Attack or Chest Pain,OP_3b,Median Time to Transfer to Another Facility for Acute Coronary Intervention,Not Available,Not Available,5,07/01/2020,03/31/2021
330043,NS/LIJ HS SOUTHSIDE HOSPITAL,301 EAST MAIN STREET,BAY SHORE,NY,11706,SUFFOLK,(631) 968-3000,Pregnancy and Delivery Care,PC_01,Elective Delivery,0,24,2,07/01/2020,03/31/2021
330043,NS/LIJ HS SOUTHSIDE HOSPITAL,301 EAST MAIN STREET,BAY SHORE,NY,11706,SUFFOLK,(631) 968-3000,Sepsis Care,SEP_1,Appropriate care for severe sepsis and septic shock,51,90,2,07/01/2020,03/31/2021
330043,NS/LIJ HS SOUTHSIDE HOSPITAL,301 EAST MAIN STREET,BAY SHORE,NY,11706,SUFFOLK,(631) 968-3000,Sepsis Care,SEP_SH_3HR,Septic Shock 3-Hour Bundle,84,61,2,07/01/2020,03/31/2021
330043,NS/LIJ HS SOUTHSIDE HOSPITAL,301 EAST MAIN STREET,BAY SHORE,NY,11706,SUFFOLK,(631) 968-3000,Sepsis Care,SEP_SH_6HR,Septic Shock 6-Hour Bundle,92,12,2,07/01/2020,03/31/2021
330043,NS/LIJ HS SOUTHSIDE HOSPITAL,301 EAST MAIN STREET,BAY SHORE,NY,11706,SUFFOLK,(631) 968-3000,Sepsis Care,SEV_SEP_3HR,Severe Sepsis 3-Hour Bundle,78,90,2,07/01/2020,03/31/2021
330043,NS/LIJ HS SOUTHSIDE HOSPITAL,301 EAST MAIN STREET,BAY SHORE,NY,11706,SUFFOLK,(631) 968-3000,Sepsis Care,SEV_SEP_6HR,Severe Sepsis 6-Hour Bundle,82,50,2,07/01/2020,03/31/2021
330045,NS/LIJ HS HUNTINGTON HOSPITAL,270 PARK AVENUE,HUNTINGTON,NY,11743,SUFFOLK,(631) 351-2000,Emergency Department,EDV,Emergency department volume,very high,,,01/01/2020,12/31/2020
330045,NS/LIJ HS HUNTINGTON HOSPITAL,270 PARK AVENUE,HUNTINGTON,NY,11743,SUFFOLK,(631) 351-2000,Preventive Care,IMM_3,Healthcare workers given influenza vaccination,78,2855,,10/01/2020,03/31/2021
330045,NS/LIJ HS HUNTINGTON HOSPITAL,270 PARK AVENUE,HUNTINGTON,NY,11743,SUFFOLK,(631) 351-2000,Emergency Department,OP_18b,Average (median) time patients spent in the emergency department before leaving from the visit A lower number of minutes is better,118,267,,07/01/2020,03/31/2021
330045,NS/LIJ HS HUNTINGTON HOSPITAL,270 PARK AVENUE,HUNTINGTON,NY,11743,SUFFOLK,(631) 351-2000,Emergency Department,OP_18c,Average (median) time patients spent in the emergency department before leaving from the visit- Psychiatric/Mental Health Patients.  A lower number of minutes is better,315,11,,07/01/2020,03/31/2021
330045,NS/LIJ HS HUNTINGTON HOSPITAL,270 PARK AVENUE,HUNTINGTON,NY,11743,SUFFOLK,(631) 351-2000,Heart Attack or Chest Pain,OP_2,Fibrinolytic Therapy Received Within 30 Minutes of ED Arrival,Not Available,Not Available,5,07/01/2020,03/31/2021
330045,NS/LIJ HS HUNTINGTON HOSPITAL,270 PARK AVENUE,HUNTINGTON,NY,11743,SUFFOLK,(631) 351-2000,Emergency Department,OP_22,Left before being seen,0,60058,,01/01/2020,12/31/2020
330045,NS/LIJ HS HUNTINGTON HOSPITAL,270 PARK AVENUE,HUNTINGTON,NY,11743,SUFFOLK,(631) 351-2000,Emergency Department,OP_23,Head CT results,Not Available,Not Available,1,07/01/2020,03/31/2021
330045,NS/LIJ HS HUNTINGTON HOSPITAL,270 PARK AVENUE,HUNTINGTON,NY,11743,SUFFOLK,(631) 351-2000,Colonoscopy care,OP_29,Endoscopy/polyp surveillance: appropriate follow-up interval for normal colonoscopy in average risk patients,60,72,,01/01/2020,12/31/2020
330045,NS/LIJ HS HUNTINGTON HOSPITAL,270 PARK AVENUE,HUNTINGTON,NY,11743,SUFFOLK,(631) 351-2000,Cataract surgery outcome,OP_31,Improvement in Patient's Visual Function within 90 Days Following Cataract Surgery,Not Available,Not Available,5,01/01/2020,12/31/2020
330045,NS/LIJ HS HUNTINGTON HOSPITAL,270 PARK AVENUE,HUNTINGTON,NY,11743,SUFFOLK,(631) 351-2000,Heart Attack or Chest Pain,OP_3b,Median Time to Transfer to Another Facility for Acute Coronary Intervention,Not Available,Not Available,5,07/01/2020,03/31/2021
330045,NS/LIJ HS HUNTINGTON HOSPITAL,270 PARK AVENUE,HUNTINGTON,NY,11743,SUFFOLK,(631) 351-2000,Pregnancy and Delivery Care,PC_01,Elective Delivery,0,19,2,07/01/2020,03/31/2021
330045,NS/LIJ HS HUNTINGTON HOSPITAL,270 PARK AVENUE,HUNTINGTON,NY,11743,SUFFOLK,(631) 351-2000,Sepsis Care,SEP_1,Appropriate care for severe sepsis and septic shock,70,87,2,07/01/2020,03/31/2021
330045,NS/LIJ HS HUNTINGTON HOSPITAL,270 PARK AVENUE,HUNTINGTON,NY,11743,SUFFOLK,(631) 351-2000,Sepsis Care,SEP_SH_3HR,Septic Shock 3-Hour Bundle,92,72,2,07/01/2020,03/31/2021
330045,NS/LIJ HS HUNTINGTON HOSPITAL,270 PARK AVENUE,HUNTINGTON,NY,11743,SUFFOLK,(631) 351-2000,Sepsis Care,SEP_SH_6HR,Septic Shock 6-Hour Bundle,82,11,2,07/01/2020,03/31/2021
330045,NS/LIJ HS HUNTINGTON HOSPITAL,270 PARK AVENUE,HUNTINGTON,NY,11743,SUFFOLK,(631) 351-2000,Sepsis Care,SEV_SEP_3HR,Severe Sepsis 3-Hour Bundle,85,87,2,07/01/2020,03/31/2021
330045,NS/LIJ HS HUNTINGTON HOSPITAL,270 PARK AVENUE,HUNTINGTON,NY,11743,SUFFOLK,(631) 351-2000,Sepsis Care,SEV_SEP_6HR,Severe Sepsis 6-Hour Bundle,97,61,2,07/01/2020,03/31/2021
330107,PECONIC BAY MEDICAL CENTER,1 HEROS WAY,RIVERHEAD,NY,11901,SUFFOLK,(631) 548-6000,Emergency Department,EDV,Emergency department volume,medium,,,01/01/2020,12/31/2020
330107,PECONIC BAY MEDICAL CENTER,1 HEROS WAY,RIVERHEAD,NY,11901,SUFFOLK,(631) 548-6000,Preventive Care,IMM_3,Healthcare workers given influenza vaccination,74,1816,,10/01/2020,03/31/2021
330107,PECONIC BAY MEDICAL CENTER,1 HEROS WAY,RIVERHEAD,NY,11901,SUFFOLK,(631) 548-6000,Emergency Department,OP_18b,Average (median) time patients spent in the emergency department before leaving from the visit A lower number of minutes is better,200,259,,07/01/2020,03/31/2021
330107,PECONIC BAY MEDICAL CENTER,1 HEROS WAY,RIVERHEAD,NY,11901,SUFFOLK,(631) 548-6000,Emergency Department,OP_18c,Average (median) time patients spent in the emergency department before leaving from the visit- Psychiatric/Mental Health Patients.  A lower number of minutes is better,484,25,,07/01/2020,03/31/2021
330107,PECONIC BAY MEDICAL CENTER,1 HEROS WAY,RIVERHEAD,NY,11901,SUFFOLK,(631) 548-6000,Heart Attack or Chest Pain,OP_2,Fibrinolytic Therapy Received Within 30 Minutes of ED Arrival,Not Available,Not Available,7,07/01/2020,03/31/2021
330107,PECONIC BAY MEDICAL CENTER,1 HEROS WAY,RIVERHEAD,NY,11901,SUFFOLK,(631) 548-6000,Emergency Department,OP_22,Left before being seen,1,29654,,01/01/2020,12/31/2020
330107,PECONIC BAY MEDICAL CENTER,1 HEROS WAY,RIVERHEAD,NY,11901,SUFFOLK,(631) 548-6000,Emergency Department,OP_23,Head CT results,90,20,,07/01/2020,03/31/2021
330107,PECONIC BAY MEDICAL CENTER,1 HEROS WAY,RIVERHEAD,NY,11901,SUFFOLK,(631) 548-6000,Colonoscopy care,OP_29,Endoscopy/polyp surveillance: appropriate follow-up interval for normal colonoscopy in average risk patients,100,36,,01/01/2020,12/31/2020
330107,PECONIC BAY MEDICAL CENTER,1 HEROS WAY,RIVERHEAD,NY,11901,SUFFOLK,(631) 548-6000,Cataract surgery outcome,OP_31,Improvement in Patient's Visual Function within 90 Days Following Cataract Surgery,Not Available,Not Available,5,01/01/2020,12/31/2020
330107,PECONIC BAY MEDICAL CENTER,1 HEROS WAY,RIVERHEAD,NY,11901,SUFFOLK,(631) 548-6000,Heart Attack or Chest Pain,OP_3b,Median Time to Transfer to Another Facility for Acute Coronary Intervention,Not Available,Not Available,5,07/01/2020,03/31/2021
330107,PECONIC BAY MEDICAL CENTER,1 HEROS WAY,RIVERHEAD,NY,11901,SUFFOLK,(631) 548-6000,Pregnancy and Delivery Care,PC_01,Elective Delivery,7,29,,07/01/2020,03/31/2021
330107,PECONIC BAY MEDICAL CENTER,1 HEROS WAY,RIVERHEAD,NY,11901,SUFFOLK,(631) 548-6000,Sepsis Care,SEP_1,Appropriate care for severe sepsis and septic shock,55,64,2,07/01/2020,03/31/2021
330107,PECONIC BAY MEDICAL CENTER,1 HEROS WAY,RIVERHEAD,NY,11901,SUFFOLK,(631) 548-6000,Sepsis Care,SEP_SH_3HR,Septic Shock 3-Hour Bundle,86,50,2,07/01/2020,03/31/2021
330107,PECONIC BAY MEDICAL CENTER,1 HEROS WAY,RIVERHEAD,NY,11901,SUFFOLK,(631) 548-6000,Sepsis Care,SEP_SH_6HR,Septic Shock 6-Hour Bundle,Not Available,Not Available,"1, 2",07/01/2020,03/31/2021
330107,PECONIC BAY MEDICAL CENTER,1 HEROS WAY,RIVERHEAD,NY,11901,SUFFOLK,(631) 548-6000,Sepsis Care,SEV_SEP_3HR,Severe Sepsis 3-Hour Bundle,83,64,2,07/01/2020,03/31/2021
330107,PECONIC BAY MEDICAL CENTER,1 HEROS WAY,RIVERHEAD,NY,11901,SUFFOLK,(631) 548-6000,Sepsis Care,SEV_SEP_6HR,Severe Sepsis 6-Hour Bundle,92,39,2,07/01/2020,03/31/2021
330141,LONG ISLAND COMMUNITY HOSPITAL,101 HOSPITAL ROAD,PATCHOGUE,NY,11772,SUFFOLK,(631) 654-7100,Emergency Department,EDV,Emergency department volume,high,,,01/01/2020,12/31/2020
330141,LONG ISLAND COMMUNITY HOSPITAL,101 HOSPITAL ROAD,PATCHOGUE,NY,11772,SUFFOLK,(631) 654-7100,Preventive Care,IMM_3,Healthcare workers given influenza vaccination,77,2129,,10/01/2020,03/31/2021
330141,LONG ISLAND COMMUNITY HOSPITAL,101 HOSPITAL ROAD,PATCHOGUE,NY,11772,SUFFOLK,(631) 654-7100,Emergency Department,OP_18b,Average (median) time patients spent in the emergency department before leaving from the visit A lower number of minutes is better,209,744,,07/01/2020,03/31/2021
330141,LONG ISLAND COMMUNITY HOSPITAL,101 HOSPITAL ROAD,PATCHOGUE,NY,11772,SUFFOLK,(631) 654-7100,Emergency Department,OP_18c,Average (median) time patients spent in the emergency department before leaving from the visit- Psychiatric/Mental Health Patients.  A lower number of minutes is better,560,86,,07/01/2020,03/31/2021
330141,LONG ISLAND COMMUNITY HOSPITAL,101 HOSPITAL ROAD,PATCHOGUE,NY,11772,SUFFOLK,(631) 654-7100,Heart Attack or Chest Pain,OP_2,Fibrinolytic Therapy Received Within 30 Minutes of ED Arrival,Not Available,Not Available,5,07/01/2020,03/31/2021
330141,LONG ISLAND COMMUNITY HOSPITAL,101 HOSPITAL ROAD,PATCHOGUE,NY,11772,SUFFOLK,(631) 654-7100,Emergency Department,OP_22,Left before being seen,1,42910,,01/01/2020,12/31/2020
330141,LONG ISLAND COMMUNITY HOSPITAL,101 HOSPITAL ROAD,PATCHOGUE,NY,11772,SUFFOLK,(631) 654-7100,Emergency Department,OP_23,Head CT results,100,13,,07/01/2020,03/31/2021
330141,LONG ISLAND COMMUNITY HOSPITAL,101 HOSPITAL ROAD,PATCHOGUE,NY,11772,SUFFOLK,(631) 654-7100,Colonoscopy care,OP_29,Endoscopy/polyp surveillance: appropriate follow-up interval for normal colonoscopy in average risk patients,100,30,,01/01/2020,12/31/2020
330141,LONG ISLAND COMMUNITY HOSPITAL,101 HOSPITAL ROAD,PATCHOGUE,NY,11772,SUFFOLK,(631) 654-7100,Cataract surgery outcome,OP_31,Improvement in Patient's Visual Function within 90 Days Following Cataract Surgery,Not Available,Not Available,5,01/01/2020,12/31/2020
330141,LONG ISLAND COMMUNITY HOSPITAL,101 HOSPITAL ROAD,PATCHOGUE,NY,11772,SUFFOLK,(631) 654-7100,Heart Attack or Chest Pain,OP_3b,Median Time to Transfer to Another Facility for Acute Coronary Intervention,Not Available,Not Available,5,07/01/2020,03/31/2021
330141,LONG ISLAND COMMUNITY HOSPITAL,101 HOSPITAL ROAD,PATCHOGUE,NY,11772,SUFFOLK,(631) 654-7100,Pregnancy and Delivery Care,PC_01,Elective Delivery,Not Available,Not Available,7,07/01/2020,03/31/2021
330141,LONG ISLAND COMMUNITY HOSPITAL,101 HOSPITAL ROAD,PATCHOGUE,NY,11772,SUFFOLK,(631) 654-7100,Sepsis Care,SEP_1,Appropriate care for severe sepsis and septic shock,65,63,2,07/01/2020,03/31/2021
330141,LONG ISLAND COMMUNITY HOSPITAL,101 HOSPITAL ROAD,PATCHOGUE,NY,11772,SUFFOLK,(631) 654-7100,Sepsis Care,SEP_SH_3HR,Septic Shock 3-Hour Bundle,88,50,2,07/01/2020,03/31/2021
330141,LONG ISLAND COMMUNITY HOSPITAL,101 HOSPITAL ROAD,PATCHOGUE,NY,11772,SUFFOLK,(631) 654-7100,Sepsis Care,SEP_SH_6HR,Septic Shock 6-Hour Bundle,Not Available,Not Available,"1, 2",07/01/2020,03/31/2021
330141,LONG ISLAND COMMUNITY HOSPITAL,101 HOSPITAL ROAD,PATCHOGUE,NY,11772,SUFFOLK,(631) 654-7100,Sepsis Care,SEV_SEP_3HR,Severe Sepsis 3-Hour Bundle,90,63,2,07/01/2020,03/31/2021
330141,LONG ISLAND COMMUNITY HOSPITAL,101 HOSPITAL ROAD,PATCHOGUE,NY,11772,SUFFOLK,(631) 654-7100,Sepsis Care,SEV_SEP_6HR,Severe Sepsis 6-Hour Bundle,84,44,2,07/01/2020,03/31/2021
330185,JOHN T MATHER MEMORIAL HOSPITAL  OF PORT JEFFERSON,75 NORTH COUNTRY ROAD,PORT JEFFERSON,NY,11777,SUFFOLK,(631) 473-1320,Emergency Department,EDV,Emergency department volume,medium,,,01/01/2020,12/31/2020
330185,JOHN T MATHER MEMORIAL HOSPITAL  OF PORT JEFFERSON,75 NORTH COUNTRY ROAD,PORT JEFFERSON,NY,11777,SUFFOLK,(631) 473-1320,Preventive Care,IMM_3,Healthcare workers given influenza vaccination,86,3029,,10/01/2020,03/31/2021
330185,JOHN T MATHER MEMORIAL HOSPITAL  OF PORT JEFFERSON,75 NORTH COUNTRY ROAD,PORT JEFFERSON,NY,11777,SUFFOLK,(631) 473-1320,Emergency Department,OP_18b,Average (median) time patients spent in the emergency department before leaving from the visit A lower number of minutes is better,232,258,,07/01/2020,03/31/2021
330185,JOHN T MATHER MEMORIAL HOSPITAL  OF PORT JEFFERSON,75 NORTH COUNTRY ROAD,PORT JEFFERSON,NY,11777,SUFFOLK,(631) 473-1320,Emergency Department,OP_18c,Average (median) time patients spent in the emergency department before leaving from the visit- Psychiatric/Mental Health Patients.  A lower number of minutes is better,279,25,,07/01/2020,03/31/2021
330185,JOHN T MATHER MEMORIAL HOSPITAL  OF PORT JEFFERSON,75 NORTH COUNTRY ROAD,PORT JEFFERSON,NY,11777,SUFFOLK,(631) 473-1320,Heart Attack or Chest Pain,OP_2,Fibrinolytic Therapy Received Within 30 Minutes of ED Arrival,Not Available,Not Available,7,07/01/2020,03/31/2021
330185,JOHN T MATHER MEMORIAL HOSPITAL  OF PORT JEFFERSON,75 NORTH COUNTRY ROAD,PORT JEFFERSON,NY,11777,SUFFOLK,(631) 473-1320,Emergency Department,OP_22,Left before being seen,0,29933,,01/01/2020,12/31/2020
330185,JOHN T MATHER MEMORIAL HOSPITAL  OF PORT JEFFERSON,75 NORTH COUNTRY ROAD,PORT JEFFERSON,NY,11777,SUFFOLK,(631) 473-1320,Emergency Department,OP_23,Head CT results,Not Available,Not Available,1,07/01/2020,03/31/2021
330185,JOHN T MATHER MEMORIAL HOSPITAL  OF PORT JEFFERSON,75 NORTH COUNTRY ROAD,PORT JEFFERSON,NY,11777,SUFFOLK,(631) 473-1320,Colonoscopy care,OP_29,Endoscopy/polyp surveillance: appropriate follow-up interval for normal colonoscopy in average risk patients,72,72,,01/01/2020,12/31/2020
330185,JOHN T MATHER MEMORIAL HOSPITAL  OF PORT JEFFERSON,75 NORTH COUNTRY ROAD,PORT JEFFERSON,NY,11777,SUFFOLK,(631) 473-1320,Cataract surgery outcome,OP_31,Improvement in Patient's Visual Function within 90 Days Following Cataract Surgery,Not Available,Not Available,5,01/01/2020,12/31/2020
330185,JOHN T MATHER MEMORIAL HOSPITAL  OF PORT JEFFERSON,75 NORTH COUNTRY ROAD,PORT JEFFERSON,NY,11777,SUFFOLK,(631) 473-1320,Heart Attack or Chest Pain,OP_3b,Median Time to Transfer to Another Facility for Acute Coronary Intervention,52,15,,07/01/2020,03/31/2021
330185,JOHN T MATHER MEMORIAL HOSPITAL  OF PORT JEFFERSON,75 NORTH COUNTRY ROAD,PORT JEFFERSON,NY,11777,SUFFOLK,(631) 473-1320,Pregnancy and Delivery Care,PC_01,Elective Delivery,Not Available,Not Available,7,07/01/2020,03/31/2021
330185,JOHN T MATHER MEMORIAL HOSPITAL  OF PORT JEFFERSON,75 NORTH COUNTRY ROAD,PORT JEFFERSON,NY,11777,SUFFOLK,(631) 473-1320,Sepsis Care,SEP_1,Appropriate care for severe sepsis and septic shock,53,87,2,07/01/2020,03/31/2021
330185,JOHN T MATHER MEMORIAL HOSPITAL  OF PORT JEFFERSON,75 NORTH COUNTRY ROAD,PORT JEFFERSON,NY,11777,SUFFOLK,(631) 473-1320,Sepsis Care,SEP_SH_3HR,Septic Shock 3-Hour Bundle,87,55,2,07/01/2020,03/31/2021
330185,JOHN T MATHER MEMORIAL HOSPITAL  OF PORT JEFFERSON,75 NORTH COUNTRY ROAD,PORT JEFFERSON,NY,11777,SUFFOLK,(631) 473-1320,Sepsis Care,SEP_SH_6HR,Septic Shock 6-Hour Bundle,Not Available,Not Available,"1, 2",07/01/2020,03/31/2021
330185,JOHN T MATHER MEMORIAL HOSPITAL  OF PORT JEFFERSON,75 NORTH COUNTRY ROAD,PORT JEFFERSON,NY,11777,SUFFOLK,(631) 473-1320,Sepsis Care,SEV_SEP_3HR,Severe Sepsis 3-Hour Bundle,67,87,2,07/01/2020,03/31/2021
330185,JOHN T MATHER MEMORIAL HOSPITAL  OF PORT JEFFERSON,75 NORTH COUNTRY ROAD,PORT JEFFERSON,NY,11777,SUFFOLK,(631) 473-1320,Sepsis Care,SEV_SEP_6HR,Severe Sepsis 6-Hour Bundle,92,40,2,07/01/2020,03/31/2021
330246,ST CHARLES HOSPITAL,200 BELLE TERRE ROAD,PORT JEFFERSON,NY,11777,SUFFOLK,(631) 474-6000,Emergency Department,EDV,Emergency department volume,low,,,01/01/2020,12/31/2020
330246,ST CHARLES HOSPITAL,200 BELLE TERRE ROAD,PORT JEFFERSON,NY,11777,SUFFOLK,(631) 474-6000,Preventive Care,IMM_3,Healthcare workers given influenza vaccination,70,2450,,10/01/2020,03/31/2021
330246,ST CHARLES HOSPITAL,200 BELLE TERRE ROAD,PORT JEFFERSON,NY,11777,SUFFOLK,(631) 474-6000,Emergency Department,OP_18b,Average (median) time patients spent in the emergency department before leaving from the visit A lower number of minutes is better,176,240,,07/01/2020,03/31/2021
330246,ST CHARLES HOSPITAL,200 BELLE TERRE ROAD,PORT JEFFERSON,NY,11777,SUFFOLK,(631) 474-6000,Emergency Department,OP_18c,Average (median) time patients spent in the emergency department before leaving from the visit- Psychiatric/Mental Health Patients.  A lower number of minutes is better,250,27,,07/01/2020,03/31/2021
330246,ST CHARLES HOSPITAL,200 BELLE TERRE ROAD,PORT JEFFERSON,NY,11777,SUFFOLK,(631) 474-6000,Heart Attack or Chest Pain,OP_2,Fibrinolytic Therapy Received Within 30 Minutes of ED Arrival,Not Available,Not Available,7,07/01/2020,03/31/2021
330246,ST CHARLES HOSPITAL,200 BELLE TERRE ROAD,PORT JEFFERSON,NY,11777,SUFFOLK,(631) 474-6000,Emergency Department,OP_22,Left before being seen,2,16605,,01/01/2020,12/31/2020
330246,ST CHARLES HOSPITAL,200 BELLE TERRE ROAD,PORT JEFFERSON,NY,11777,SUFFOLK,(631) 474-6000,Emergency Department,OP_23,Head CT results,Not Available,Not Available,1,07/01/2020,03/31/2021
330246,ST CHARLES HOSPITAL,200 BELLE TERRE ROAD,PORT JEFFERSON,NY,11777,SUFFOLK,(631) 474-6000,Colonoscopy care,OP_29,Endoscopy/polyp surveillance: appropriate follow-up interval for normal colonoscopy in average risk patients,Not Available,Not Available,1,01/01/2020,12/31/2020
330246,ST CHARLES HOSPITAL,200 BELLE TERRE ROAD,PORT JEFFERSON,NY,11777,SUFFOLK,(631) 474-6000,Cataract surgery outcome,OP_31,Improvement in Patient's Visual Function within 90 Days Following Cataract Surgery,Not Available,Not Available,5,01/01/2020,12/31/2020
330246,ST CHARLES HOSPITAL,200 BELLE TERRE ROAD,PORT JEFFERSON,NY,11777,SUFFOLK,(631) 474-6000,Heart Attack or Chest Pain,OP_3b,Median Time to Transfer to Another Facility for Acute Coronary Intervention,Not Available,Not Available,"1, 3",07/01/2020,03/31/2021
330246,ST CHARLES HOSPITAL,200 BELLE TERRE ROAD,PORT JEFFERSON,NY,11777,SUFFOLK,(631) 474-6000,Pregnancy and Delivery Care,PC_01,Elective Delivery,0,12,2,07/01/2020,03/31/2021
330246,ST CHARLES HOSPITAL,200 BELLE TERRE ROAD,PORT JEFFERSON,NY,11777,SUFFOLK,(631) 474-6000,Sepsis Care,SEP_1,Appropriate care for severe sepsis and septic shock,67,55,2,07/01/2020,03/31/2021
330246,ST CHARLES HOSPITAL,200 BELLE TERRE ROAD,PORT JEFFERSON,NY,11777,SUFFOLK,(631) 474-6000,Sepsis Care,SEP_SH_3HR,Septic Shock 3-Hour Bundle,95,41,2,07/01/2020,03/31/2021
330246,ST CHARLES HOSPITAL,200 BELLE TERRE ROAD,PORT JEFFERSON,NY,11777,SUFFOLK,(631) 474-6000,Sepsis Care,SEP_SH_6HR,Septic Shock 6-Hour Bundle,Not Available,Not Available,"1, 2, 3",07/01/2020,03/31/2021
330246,ST CHARLES HOSPITAL,200 BELLE TERRE ROAD,PORT JEFFERSON,NY,11777,SUFFOLK,(631) 474-6000,Sepsis Care,SEV_SEP_3HR,Severe Sepsis 3-Hour Bundle,84,55,2,07/01/2020,03/31/2021
330246,ST CHARLES HOSPITAL,200 BELLE TERRE ROAD,PORT JEFFERSON,NY,11777,SUFFOLK,(631) 474-6000,Sepsis Care,SEV_SEP_6HR,Severe Sepsis 6-Hour Bundle,84,32,2,07/01/2020,03/31/2021
330286,GOOD SAMARITAN HOSPITAL MEDICAL CENTER,1000 MONTAUK HIGHWAY,WEST ISLIP,NY,11795,SUFFOLK,(631) 376-3000,Emergency Department,EDV,Emergency department volume,very high,,,01/01/2020,12/31/2020
330286,GOOD SAMARITAN HOSPITAL MEDICAL CENTER,1000 MONTAUK HIGHWAY,WEST ISLIP,NY,11795,SUFFOLK,(631) 376-3000,Preventive Care,IMM_3,Healthcare workers given influenza vaccination,78,4997,,10/01/2020,03/31/2021
330286,GOOD SAMARITAN HOSPITAL MEDICAL CENTER,1000 MONTAUK HIGHWAY,WEST ISLIP,NY,11795,SUFFOLK,(631) 376-3000,Emergency Department,OP_18b,Average (median) time patients spent in the emergency department before leaving from the visit A lower number of minutes is better,240,293,,07/01/2020,03/31/2021
330286,GOOD SAMARITAN HOSPITAL MEDICAL CENTER,1000 MONTAUK HIGHWAY,WEST ISLIP,NY,11795,SUFFOLK,(631) 376-3000,Emergency Department,OP_18c,Average (median) time patients spent in the emergency department before leaving from the visit- Psychiatric/Mental Health Patients.  A lower number of minutes is better,342,22,,07/01/2020,03/31/2021
330286,GOOD SAMARITAN HOSPITAL MEDICAL CENTER,1000 MONTAUK HIGHWAY,WEST ISLIP,NY,11795,SUFFOLK,(631) 376-3000,Heart Attack or Chest Pain,OP_2,Fibrinolytic Therapy Received Within 30 Minutes of ED Arrival,Not Available,Not Available,5,07/01/2020,03/31/2021
330286,GOOD SAMARITAN HOSPITAL MEDICAL CENTER,1000 MONTAUK HIGHWAY,WEST ISLIP,NY,11795,SUFFOLK,(631) 376-3000,Emergency Department,OP_22,Left before being seen,1,67257,,01/01/2020,12/31/2020
330286,GOOD SAMARITAN HOSPITAL MEDICAL CENTER,1000 MONTAUK HIGHWAY,WEST ISLIP,NY,11795,SUFFOLK,(631) 376-3000,Emergency Department,OP_23,Head CT results,Not Available,Not Available,7,07/01/2020,03/31/2021
330286,GOOD SAMARITAN HOSPITAL MEDICAL CENTER,1000 MONTAUK HIGHWAY,WEST ISLIP,NY,11795,SUFFOLK,(631) 376-3000,Colonoscopy care,OP_29,Endoscopy/polyp surveillance: appropriate follow-up interval for normal colonoscopy in average risk patients,98,51,,01/01/2020,12/31/2020
330286,GOOD SAMARITAN HOSPITAL MEDICAL CENTER,1000 MONTAUK HIGHWAY,WEST ISLIP,NY,11795,SUFFOLK,(631) 376-3000,Cataract surgery outcome,OP_31,Improvement in Patient's Visual Function within 90 Days Following Cataract Surgery,Not Available,Not Available,5,01/01/2020,12/31/2020
330286,GOOD SAMARITAN HOSPITAL MEDICAL CENTER,1000 MONTAUK HIGHWAY,WEST ISLIP,NY,11795,SUFFOLK,(631) 376-3000,Heart Attack or Chest Pain,OP_3b,Median Time to Transfer to Another Facility for Acute Coronary Intervention,Not Available,Not Available,5,07/01/2020,03/31/2021
330286,GOOD SAMARITAN HOSPITAL MEDICAL CENTER,1000 MONTAUK HIGHWAY,WEST ISLIP,NY,11795,SUFFOLK,(631) 376-3000,Pregnancy and Delivery Care,PC_01,Elective Delivery,0,45,2,07/01/2020,03/31/2021
330286,GOOD SAMARITAN HOSPITAL MEDICAL CENTER,1000 MONTAUK HIGHWAY,WEST ISLIP,NY,11795,SUFFOLK,(631) 376-3000,Sepsis Care,SEP_1,Appropriate care for severe sepsis and septic shock,70,111,2,07/01/2020,03/31/2021
330286,GOOD SAMARITAN HOSPITAL MEDICAL CENTER,1000 MONTAUK HIGHWAY,WEST ISLIP,NY,11795,SUFFOLK,(631) 376-3000,Sepsis Care,SEP_SH_3HR,Septic Shock 3-Hour Bundle,94,86,2,07/01/2020,03/31/2021
330286,GOOD SAMARITAN HOSPITAL MEDICAL CENTER,1000 MONTAUK HIGHWAY,WEST ISLIP,NY,11795,SUFFOLK,(631) 376-3000,Sepsis Care,SEP_SH_6HR,Septic Shock 6-Hour Bundle,91,23,2,07/01/2020,03/31/2021
330286,GOOD SAMARITAN HOSPITAL MEDICAL CENTER,1000 MONTAUK HIGHWAY,WEST ISLIP,NY,11795,SUFFOLK,(631) 376-3000,Sepsis Care,SEV_SEP_3HR,Severe Sepsis 3-Hour Bundle,83,112,2,07/01/2020,03/31/2021
330286,GOOD SAMARITAN HOSPITAL MEDICAL CENTER,1000 MONTAUK HIGHWAY,WEST ISLIP,NY,11795,SUFFOLK,(631) 376-3000,Sepsis Care,SEV_SEP_6HR,Severe Sepsis 6-Hour Bundle,92,73,2,07/01/2020,03/31/2021
330393,SUNY/STONY BROOK UNIVERSITY HOSPITAL,HEALTH SCIENCES CENTER SUNY,STONY BROOK,NY,11794,SUFFOLK,(631) 444-4000,Emergency Department,EDV,Emergency department volume,high,,,01/01/2020,12/31/2020
330393,SUNY/STONY BROOK UNIVERSITY HOSPITAL,HEALTH SCIENCES CENTER SUNY,STONY BROOK,NY,11794,SUFFOLK,(631) 444-4000,Preventive Care,IMM_3,Healthcare workers given influenza vaccination,75,12054,,10/01/2020,03/31/2021
330393,SUNY/STONY BROOK UNIVERSITY HOSPITAL,HEALTH SCIENCES CENTER SUNY,STONY BROOK,NY,11794,SUFFOLK,(631) 444-4000,Emergency Department,OP_18b,Average (median) time patients spent in the emergency department before leaving from the visit A lower number of minutes is better,201,268,,07/01/2020,03/31/2021
330393,SUNY/STONY BROOK UNIVERSITY HOSPITAL,HEALTH SCIENCES CENTER SUNY,STONY BROOK,NY,11794,SUFFOLK,(631) 444-4000,Emergency Department,OP_18c,Average (median) time patients spent in the emergency department before leaving from the visit- Psychiatric/Mental Health Patients.  A lower number of minutes is better,427,29,,07/01/2020,03/31/2021
330393,SUNY/STONY BROOK UNIVERSITY HOSPITAL,HEALTH SCIENCES CENTER SUNY,STONY BROOK,NY,11794,SUFFOLK,(631) 444-4000,Heart Attack or Chest Pain,OP_2,Fibrinolytic Therapy Received Within 30 Minutes of ED Arrival,Not Available,Not Available,5,07/01/2020,03/31/2021
330393,SUNY/STONY BROOK UNIVERSITY HOSPITAL,HEALTH SCIENCES CENTER SUNY,STONY BROOK,NY,11794,SUFFOLK,(631) 444-4000,Emergency Department,OP_22,Left before being seen,1,58667,,01/01/2020,12/31/2020
330393,SUNY/STONY BROOK UNIVERSITY HOSPITAL,HEALTH SCIENCES CENTER SUNY,STONY BROOK,NY,11794,SUFFOLK,(631) 444-4000,Emergency Department,OP_23,Head CT results,Not Available,Not Available,1,07/01/2020,03/31/2021
330393,SUNY/STONY BROOK UNIVERSITY HOSPITAL,HEALTH SCIENCES CENTER SUNY,STONY BROOK,NY,11794,SUFFOLK,(631) 444-4000,Colonoscopy care,OP_29,Endoscopy/polyp surveillance: appropriate follow-up interval for normal colonoscopy in average risk patients,98,63,,01/01/2020,12/31/2020
330393,SUNY/STONY BROOK UNIVERSITY HOSPITAL,HEALTH SCIENCES CENTER SUNY,STONY BROOK,NY,11794,SUFFOLK,(631) 444-4000,Cataract surgery outcome,OP_31,Improvement in Patient's Visual Function within 90 Days Following Cataract Surgery,Not Available,Not Available,5,01/01/2020,12/31/2020
330393,SUNY/STONY BROOK UNIVERSITY HOSPITAL,HEALTH SCIENCES CENTER SUNY,STONY BROOK,NY,11794,SUFFOLK,(631) 444-4000,Heart Attack or Chest Pain,OP_3b,Median Time to Transfer to Another Facility for Acute Coronary Intervention,Not Available,Not Available,5,07/01/2020,03/31/2021
330393,SUNY/STONY BROOK UNIVERSITY HOSPITAL,HEALTH SCIENCES CENTER SUNY,STONY BROOK,NY,11794,SUFFOLK,(631) 444-4000,Pregnancy and Delivery Care,PC_01,Elective Delivery,5,225,,07/01/2020,03/31/2021
330393,SUNY/STONY BROOK UNIVERSITY HOSPITAL,HEALTH SCIENCES CENTER SUNY,STONY BROOK,NY,11794,SUFFOLK,(631) 444-4000,Sepsis Care,SEP_1,Appropriate care for severe sepsis and septic shock,69,90,2,07/01/2020,03/31/2021
330393,SUNY/STONY BROOK UNIVERSITY HOSPITAL,HEALTH SCIENCES CENTER SUNY,STONY BROOK,NY,11794,SUFFOLK,(631) 444-4000,Sepsis Care,SEP_SH_3HR,Septic Shock 3-Hour Bundle,82,79,2,07/01/2020,03/31/2021
330393,SUNY/STONY BROOK UNIVERSITY HOSPITAL,HEALTH SCIENCES CENTER SUNY,STONY BROOK,NY,11794,SUFFOLK,(631) 444-4000,Sepsis Care,SEP_SH_6HR,Septic Shock 6-Hour Bundle,82,11,2,07/01/2020,03/31/2021
330393,SUNY/STONY BROOK UNIVERSITY HOSPITAL,HEALTH SCIENCES CENTER SUNY,STONY BROOK,NY,11794,SUFFOLK,(631) 444-4000,Sepsis Care,SEV_SEP_3HR,Severe Sepsis 3-Hour Bundle,92,90,2,07/01/2020,03/31/2021
330393,SUNY/STONY BROOK UNIVERSITY HOSPITAL,HEALTH SCIENCES CENTER SUNY,STONY BROOK,NY,11794,SUFFOLK,(631) 444-4000,Sepsis Care,SEV_SEP_6HR,Severe Sepsis 6-Hour Bundle,94,63,2,07/01/2020,03/31/2021
330401,ST CATHERINE OF SIENA HOSPITAL,50 ROUTE 25A,SMITHTOWN,NY,11787,SUFFOLK,(631) 862-3000,Emergency Department,EDV,Emergency department volume,medium,,,01/01/2020,12/31/2020
330401,ST CATHERINE OF SIENA HOSPITAL,50 ROUTE 25A,SMITHTOWN,NY,11787,SUFFOLK,(631) 862-3000,Preventive Care,IMM_3,Healthcare workers given influenza vaccination,68,2350,,10/01/2020,03/31/2021
330401,ST CATHERINE OF SIENA HOSPITAL,50 ROUTE 25A,SMITHTOWN,NY,11787,SUFFOLK,(631) 862-3000,Emergency Department,OP_18b,Average (median) time patients spent in the emergency department before leaving from the visit A lower number of minutes is better,227,263,,07/01/2020,03/31/2021
330401,ST CATHERINE OF SIENA HOSPITAL,50 ROUTE 25A,SMITHTOWN,NY,11787,SUFFOLK,(631) 862-3000,Emergency Department,OP_18c,Average (median) time patients spent in the emergency department before leaving from the visit- Psychiatric/Mental Health Patients.  A lower number of minutes is better,272,12,,07/01/2020,03/31/2021
330401,ST CATHERINE OF SIENA HOSPITAL,50 ROUTE 25A,SMITHTOWN,NY,11787,SUFFOLK,(631) 862-3000,Heart Attack or Chest Pain,OP_2,Fibrinolytic Therapy Received Within 30 Minutes of ED Arrival,Not Available,Not Available,"3, 7",07/01/2020,03/31/2021
330401,ST CATHERINE OF SIENA HOSPITAL,50 ROUTE 25A,SMITHTOWN,NY,11787,SUFFOLK,(631) 862-3000,Emergency Department,OP_22,Left before being seen,1,20280,,01/01/2020,12/31/2020
330401,ST CATHERINE OF SIENA HOSPITAL,50 ROUTE 25A,SMITHTOWN,NY,11787,SUFFOLK,(631) 862-3000,Emergency Department,OP_23,Head CT results,Not Available,Not Available,1,07/01/2020,03/31/2021
330401,ST CATHERINE OF SIENA HOSPITAL,50 ROUTE 25A,SMITHTOWN,NY,11787,SUFFOLK,(631) 862-3000,Colonoscopy care,OP_29,Endoscopy/polyp surveillance: appropriate follow-up interval for normal colonoscopy in average risk patients,97,63,,01/01/2020,12/31/2020
330401,ST CATHERINE OF SIENA HOSPITAL,50 ROUTE 25A,SMITHTOWN,NY,11787,SUFFOLK,(631) 862-3000,Cataract surgery outcome,OP_31,Improvement in Patient's Visual Function within 90 Days Following Cataract Surgery,Not Available,Not Available,5,01/01/2020,12/31/2020
330401,ST CATHERINE OF SIENA HOSPITAL,50 ROUTE 25A,SMITHTOWN,NY,11787,SUFFOLK,(631) 862-3000,Heart Attack or Chest Pain,OP_3b,Median Time to Transfer to Another Facility for Acute Coronary Intervention,Not Available,Not Available,5,07/01/2020,03/31/2021
330401,ST CATHERINE OF SIENA HOSPITAL,50 ROUTE 25A,SMITHTOWN,NY,11787,SUFFOLK,(631) 862-3000,Pregnancy and Delivery Care,PC_01,Elective Delivery,0,29,2,07/01/2020,03/31/2021
330401,ST CATHERINE OF SIENA HOSPITAL,50 ROUTE 25A,SMITHTOWN,NY,11787,SUFFOLK,(631) 862-3000,Sepsis Care,SEP_1,Appropriate care for severe sepsis and septic shock,83,98,2,07/01/2020,03/31/2021
330401,ST CATHERINE OF SIENA HOSPITAL,50 ROUTE 25A,SMITHTOWN,NY,11787,SUFFOLK,(631) 862-3000,Sepsis Care,SEP_SH_3HR,Septic Shock 3-Hour Bundle,98,86,2,07/01/2020,03/31/2021
330401,ST CATHERINE OF SIENA HOSPITAL,50 ROUTE 25A,SMITHTOWN,NY,11787,SUFFOLK,(631) 862-3000,Sepsis Care,SEP_SH_6HR,Septic Shock 6-Hour Bundle,89,18,2,07/01/2020,03/31/2021
330401,ST CATHERINE OF SIENA HOSPITAL,50 ROUTE 25A,SMITHTOWN,NY,11787,SUFFOLK,(631) 862-3000,Sepsis Care,SEV_SEP_3HR,Severe Sepsis 3-Hour Bundle,94,98,2,07/01/2020,03/31/2021
330401,ST CATHERINE OF SIENA HOSPITAL,50 ROUTE 25A,SMITHTOWN,NY,11787,SUFFOLK,(631) 862-3000,Sepsis Care,SEV_SEP_6HR,Severe Sepsis 6-Hour Bundle,88,51,2,07/01/2020,03/31/2021
