facility_id,facility_name,address,city,state,zip_code,county_name,phone_number,measure_id,measure_name,compared_to_national,denominator,score,lower_estimate,higher_estimate,number_of_patients,number_of_patients_returned,footnote,start_date,end_date
330027,NASSAU UNIVERSITY MEDICAL CENTER,2201 HEMPSTEAD TURNPIKE,EAST MEADOW,NY,11554,NASSAU,(516) 572-0123,EDAC_30_AMI,Hospital return days for heart attack patients,Number of Cases Too Small,Not Available,Not Available,Not Available,Not Available,Not Available,Not Available,1,07/01/2017,12/01/2019
330027,NASSAU UNIVERSITY MEDICAL CENTER,2201 HEMPSTEAD TURNPIKE,EAST MEADOW,NY,11554,NASSAU,(516) 572-0123,EDAC_30_HF,Hospital return days for heart failure patients,More Days Than Average per 100 Discharges,124,89.3,48.8,135,97,32,,07/01/2017,12/01/2019
330027,NASSAU UNIVERSITY MEDICAL CENTER,2201 HEMPSTEAD TURNPIKE,EAST MEADOW,NY,11554,NASSAU,(516) 572-0123,EDAC_30_PN,Hospital return days for pneumonia patients,Average Days per 100 Discharges,96,10.1,-16.2,43.8,93,22,,07/01/2017,12/01/2019
330027,NASSAU UNIVERSITY MEDICAL CENTER,2201 HEMPSTEAD TURNPIKE,EAST MEADOW,NY,11554,NASSAU,(516) 572-0123,OP_32,"Rate of unplanned hospital visits after colonoscopy (per 1,000 colonoscopies)",No Different Than the National Rate,69,13.4,9.1,19.4,Not Applicable,Not Applicable,,01/01/2018,12/31/2020
330027,NASSAU UNIVERSITY MEDICAL CENTER,2201 HEMPSTEAD TURNPIKE,EAST MEADOW,NY,11554,NASSAU,(516) 572-0123,OP_35_ADM,Rate of inpatient admissions for patients receiving outpatient chemotherapy,Number of Cases Too Small,Not Available,Not Available,Not Available,Not Available,Not Applicable,Not Applicable,1,07/01/2020,12/31/2020
330027,NASSAU UNIVERSITY MEDICAL CENTER,2201 HEMPSTEAD TURNPIKE,EAST MEADOW,NY,11554,NASSAU,(516) 572-0123,OP_35_ED,Rate of emergency department (ED) visits for patients receiving outpatient chemotherapy,Number of Cases Too Small,Not Available,Not Available,Not Available,Not Available,Not Applicable,Not Applicable,1,07/01/2020,12/31/2020
330027,NASSAU UNIVERSITY MEDICAL CENTER,2201 HEMPSTEAD TURNPIKE,EAST MEADOW,NY,11554,NASSAU,(516) 572-0123,OP_36,Ratio of unplanned hospital visits after hospital outpatient surgery,Number of cases too small,Not Available,Not Available,Not Available,Not Available,Not Applicable,Not Applicable,1,07/01/2020,12/31/2020
330027,NASSAU UNIVERSITY MEDICAL CENTER,2201 HEMPSTEAD TURNPIKE,EAST MEADOW,NY,11554,NASSAU,(516) 572-0123,READM_30_AMI,Acute Myocardial Infarction (AMI) 30-Day Readmission Rate,Number of Cases Too Small,Not Available,Not Available,Not Available,Not Available,Not Applicable,Not Applicable,1,07/01/2017,12/01/2019
330027,NASSAU UNIVERSITY MEDICAL CENTER,2201 HEMPSTEAD TURNPIKE,EAST MEADOW,NY,11554,NASSAU,(516) 572-0123,READM_30_CABG,Rate of readmission for CABG,Not Available,Not Available,Not Available,Not Available,Not Available,Not Applicable,Not Applicable,5,07/01/2017,12/01/2019
330027,NASSAU UNIVERSITY MEDICAL CENTER,2201 HEMPSTEAD TURNPIKE,EAST MEADOW,NY,11554,NASSAU,(516) 572-0123,READM_30_COPD,Rate of readmission for chronic obstructive pulmonary disease (COPD) patients,No Different Than the National Rate,78,21.3,18.0,25.1,Not Applicable,Not Applicable,,07/01/2017,12/01/2019
330027,NASSAU UNIVERSITY MEDICAL CENTER,2201 HEMPSTEAD TURNPIKE,EAST MEADOW,NY,11554,NASSAU,(516) 572-0123,READM_30_HF,Heart failure (HF) 30-Day Readmission Rate,No Different Than the National Rate,124,24.5,20.7,28.8,Not Applicable,Not Applicable,,07/01/2017,12/01/2019
330027,NASSAU UNIVERSITY MEDICAL CENTER,2201 HEMPSTEAD TURNPIKE,EAST MEADOW,NY,11554,NASSAU,(516) 572-0123,READM_30_HIP_KNEE,Rate of readmission after hip/knee replacement,Number of Cases Too Small,Not Available,Not Available,Not Available,Not Available,Not Applicable,Not Applicable,1,07/01/2017,12/01/2019
330027,NASSAU UNIVERSITY MEDICAL CENTER,2201 HEMPSTEAD TURNPIKE,EAST MEADOW,NY,11554,NASSAU,(516) 572-0123,READM_30_HOSP_WIDE,Rate of readmission after discharge from hospital (hospital-wide),Worse Than the National Rate,731,17.7,15.8,19.2,Not Applicable,Not Applicable,,07/01/2019,12/01/2019
330027,NASSAU UNIVERSITY MEDICAL CENTER,2201 HEMPSTEAD TURNPIKE,EAST MEADOW,NY,11554,NASSAU,(516) 572-0123,READM_30_PN,Pneumonia (PN) 30-Day Readmission Rate,No Different Than the National Rate,96,16.3,13.4,19.5,Not Applicable,Not Applicable,,07/01/2017,12/01/2019
330106,NORTH SHORE UNIVERSITY HOSPITAL,300 COMMUNITY DRIVE,MANHASSET,NY,11030,NASSAU,(516) 562-0100,EDAC_30_AMI,Hospital return days for heart attack patients,Average Days per 100 Discharges,566,0.8,-13.2,16.5,555,126,,07/01/2017,12/01/2019
330106,NORTH SHORE UNIVERSITY HOSPITAL,300 COMMUNITY DRIVE,MANHASSET,NY,11030,NASSAU,(516) 562-0100,EDAC_30_HF,Hospital return days for heart failure patients,More Days Than Average per 100 Discharges,1598,36.7,22.7,51.4,1327,412,,07/01/2017,12/01/2019
330106,NORTH SHORE UNIVERSITY HOSPITAL,300 COMMUNITY DRIVE,MANHASSET,NY,11030,NASSAU,(516) 562-0100,EDAC_30_PN,Hospital return days for pneumonia patients,More Days Than Average per 100 Discharges,1442,29.8,16.8,43.1,1288,295,,07/01/2017,12/01/2019
330106,NORTH SHORE UNIVERSITY HOSPITAL,300 COMMUNITY DRIVE,MANHASSET,NY,11030,NASSAU,(516) 562-0100,OP_32,"Rate of unplanned hospital visits after colonoscopy (per 1,000 colonoscopies)",No Different Than the National Rate,741,10.5,7.6,14.6,Not Applicable,Not Applicable,,01/01/2018,12/31/2020
330106,NORTH SHORE UNIVERSITY HOSPITAL,300 COMMUNITY DRIVE,MANHASSET,NY,11030,NASSAU,(516) 562-0100,OP_35_ADM,Rate of inpatient admissions for patients receiving outpatient chemotherapy,No Different Than the National Rate,160,5.4,3.7,8,Not Applicable,Not Applicable,,07/01/2020,12/31/2020
330106,NORTH SHORE UNIVERSITY HOSPITAL,300 COMMUNITY DRIVE,MANHASSET,NY,11030,NASSAU,(516) 562-0100,OP_35_ED,Rate of emergency department (ED) visits for patients receiving outpatient chemotherapy,No Different Than the National Rate,160,3.3,1.9,5.5,Not Applicable,Not Applicable,,07/01/2020,12/31/2020
330106,NORTH SHORE UNIVERSITY HOSPITAL,300 COMMUNITY DRIVE,MANHASSET,NY,11030,NASSAU,(516) 562-0100,OP_36,Ratio of unplanned hospital visits after hospital outpatient surgery,No Different than expected,532,1.1,0.8,1.4,Not Applicable,Not Applicable,,07/01/2020,12/31/2020
330106,NORTH SHORE UNIVERSITY HOSPITAL,300 COMMUNITY DRIVE,MANHASSET,NY,11030,NASSAU,(516) 562-0100,READM_30_AMI,Acute Myocardial Infarction (AMI) 30-Day Readmission Rate,No Different Than the National Rate,566,14.9,12.8,17.1,Not Applicable,Not Applicable,,07/01/2017,12/01/2019
330106,NORTH SHORE UNIVERSITY HOSPITAL,300 COMMUNITY DRIVE,MANHASSET,NY,11030,NASSAU,(516) 562-0100,READM_30_CABG,Rate of readmission for CABG,No Different Than the National Rate,276,12.7,9.9,15.9,Not Applicable,Not Applicable,,07/01/2017,12/01/2019
330106,NORTH SHORE UNIVERSITY HOSPITAL,300 COMMUNITY DRIVE,MANHASSET,NY,11030,NASSAU,(516) 562-0100,READM_30_COPD,Rate of readmission for chronic obstructive pulmonary disease (COPD) patients,No Different Than the National Rate,450,20.8,18.3,23.6,Not Applicable,Not Applicable,,07/01/2017,12/01/2019
330106,NORTH SHORE UNIVERSITY HOSPITAL,300 COMMUNITY DRIVE,MANHASSET,NY,11030,NASSAU,(516) 562-0100,READM_30_HF,Heart failure (HF) 30-Day Readmission Rate,No Different Than the National Rate,1598,23.1,21.2,25.0,Not Applicable,Not Applicable,,07/01/2017,12/01/2019
330106,NORTH SHORE UNIVERSITY HOSPITAL,300 COMMUNITY DRIVE,MANHASSET,NY,11030,NASSAU,(516) 562-0100,READM_30_HIP_KNEE,Rate of readmission after hip/knee replacement,No Different Than the National Rate,1346,3.7,2.9,4.6,Not Applicable,Not Applicable,,07/01/2017,12/01/2019
330106,NORTH SHORE UNIVERSITY HOSPITAL,300 COMMUNITY DRIVE,MANHASSET,NY,11030,NASSAU,(516) 562-0100,READM_30_HOSP_WIDE,Rate of readmission after discharge from hospital (hospital-wide),Worse Than the National Rate,5581,16.5,15.6,17.3,Not Applicable,Not Applicable,,07/01/2019,12/01/2019
330106,NORTH SHORE UNIVERSITY HOSPITAL,300 COMMUNITY DRIVE,MANHASSET,NY,11030,NASSAU,(516) 562-0100,READM_30_PN,Pneumonia (PN) 30-Day Readmission Rate,No Different Than the National Rate,1442,17.4,15.8,19.3,Not Applicable,Not Applicable,,07/01/2017,12/01/2019
330181,NORTHWELL HOSPITAL GLEN COVE,101 ST ANDREWS LANE,GLEN COVE,NY,11542,NASSAU,(516) 674-7300,EDAC_30_AMI,Hospital return days for heart attack patients,Average Days per 100 Discharges,44,-2.3,-32,41.3,43,6,,07/01/2017,12/01/2019
330181,NORTHWELL HOSPITAL GLEN COVE,101 ST ANDREWS LANE,GLEN COVE,NY,11542,NASSAU,(516) 674-7300,EDAC_30_HF,Hospital return days for heart failure patients,Average Days per 100 Discharges,201,-6,-27.2,19,162,58,,07/01/2017,12/01/2019
330181,NORTHWELL HOSPITAL GLEN COVE,101 ST ANDREWS LANE,GLEN COVE,NY,11542,NASSAU,(516) 674-7300,EDAC_30_PN,Hospital return days for pneumonia patients,More Days Than Average per 100 Discharges,226,24.5,3.1,48.5,200,45,,07/01/2017,12/01/2019
330181,NORTHWELL HOSPITAL GLEN COVE,101 ST ANDREWS LANE,GLEN COVE,NY,11542,NASSAU,(516) 674-7300,OP_32,"Rate of unplanned hospital visits after colonoscopy (per 1,000 colonoscopies)",No Different Than the National Rate,299,14,9.8,20.3,Not Applicable,Not Applicable,,01/01/2018,12/31/2020
330181,NORTHWELL HOSPITAL GLEN COVE,101 ST ANDREWS LANE,GLEN COVE,NY,11542,NASSAU,(516) 674-7300,OP_35_ADM,Rate of inpatient admissions for patients receiving outpatient chemotherapy,Not Available,Not Available,Not Available,Not Available,Not Available,Not Applicable,Not Applicable,5,07/01/2020,12/31/2020
330181,NORTHWELL HOSPITAL GLEN COVE,101 ST ANDREWS LANE,GLEN COVE,NY,11542,NASSAU,(516) 674-7300,OP_35_ED,Rate of emergency department (ED) visits for patients receiving outpatient chemotherapy,Not Available,Not Available,Not Available,Not Available,Not Available,Not Applicable,Not Applicable,5,07/01/2020,12/31/2020
330181,NORTHWELL HOSPITAL GLEN COVE,101 ST ANDREWS LANE,GLEN COVE,NY,11542,NASSAU,(516) 674-7300,OP_36,Ratio of unplanned hospital visits after hospital outpatient surgery,No Different than expected,82,1,0.6,1.5,Not Applicable,Not Applicable,,07/01/2020,12/31/2020
330181,NORTHWELL HOSPITAL GLEN COVE,101 ST ANDREWS LANE,GLEN COVE,NY,11542,NASSAU,(516) 674-7300,READM_30_AMI,Acute Myocardial Infarction (AMI) 30-Day Readmission Rate,No Different Than the National Rate,44,14.7,11.9,17.9,Not Applicable,Not Applicable,,07/01/2017,12/01/2019
330181,NORTHWELL HOSPITAL GLEN COVE,101 ST ANDREWS LANE,GLEN COVE,NY,11542,NASSAU,(516) 674-7300,READM_30_CABG,Rate of readmission for CABG,Not Available,Not Available,Not Available,Not Available,Not Available,Not Applicable,Not Applicable,5,07/01/2017,12/01/2019
330181,NORTHWELL HOSPITAL GLEN COVE,101 ST ANDREWS LANE,GLEN COVE,NY,11542,NASSAU,(516) 674-7300,READM_30_COPD,Rate of readmission for chronic obstructive pulmonary disease (COPD) patients,No Different Than the National Rate,89,19.3,16.2,22.9,Not Applicable,Not Applicable,,07/01/2017,12/01/2019
330181,NORTHWELL HOSPITAL GLEN COVE,101 ST ANDREWS LANE,GLEN COVE,NY,11542,NASSAU,(516) 674-7300,READM_30_HF,Heart failure (HF) 30-Day Readmission Rate,No Different Than the National Rate,201,21.7,18.3,25.5,Not Applicable,Not Applicable,,07/01/2017,12/01/2019
330181,NORTHWELL HOSPITAL GLEN COVE,101 ST ANDREWS LANE,GLEN COVE,NY,11542,NASSAU,(516) 674-7300,READM_30_HIP_KNEE,Rate of readmission after hip/knee replacement,Not Available,Not Available,Not Available,Not Available,Not Available,Not Applicable,Not Applicable,7,07/01/2017,12/01/2019
330181,NORTHWELL HOSPITAL GLEN COVE,101 ST ANDREWS LANE,GLEN COVE,NY,11542,NASSAU,(516) 674-7300,READM_30_HOSP_WIDE,Rate of readmission after discharge from hospital (hospital-wide),No Different Than the National Rate,475,14.3,13.0,15.9,Not Applicable,Not Applicable,,07/01/2019,12/01/2019
330181,NORTHWELL HOSPITAL GLEN COVE,101 ST ANDREWS LANE,GLEN COVE,NY,11542,NASSAU,(516) 674-7300,READM_30_PN,Pneumonia (PN) 30-Day Readmission Rate,No Different Than the National Rate,226,16.2,13.6,19.3,Not Applicable,Not Applicable,,07/01/2017,12/01/2019
330182,ST FRANCIS HOSPITAL - THE HEART CENTER,100 PORT WASHINGTON BOULEVARD,ROSLYN,NY,11576,NASSAU,(516) 562-6000,EDAC_30_AMI,Hospital return days for heart attack patients,More Days Than Average per 100 Discharges,649,47.3,29,67.2,627,170,,07/01/2017,12/01/2019
330182,ST FRANCIS HOSPITAL - THE HEART CENTER,100 PORT WASHINGTON BOULEVARD,ROSLYN,NY,11576,NASSAU,(516) 562-6000,EDAC_30_HF,Hospital return days for heart failure patients,More Days Than Average per 100 Discharges,1749,24,12,37.2,1404,500,,07/01/2017,12/01/2019
330182,ST FRANCIS HOSPITAL - THE HEART CENTER,100 PORT WASHINGTON BOULEVARD,ROSLYN,NY,11576,NASSAU,(516) 562-6000,EDAC_30_PN,Hospital return days for pneumonia patients,More Days Than Average per 100 Discharges,890,27.1,11.7,44.4,808,188,,07/01/2017,12/01/2019
330182,ST FRANCIS HOSPITAL - THE HEART CENTER,100 PORT WASHINGTON BOULEVARD,ROSLYN,NY,11576,NASSAU,(516) 562-6000,OP_32,"Rate of unplanned hospital visits after colonoscopy (per 1,000 colonoscopies)",No Different Than the National Rate,675,13.6,10.1,18.2,Not Applicable,Not Applicable,,01/01/2018,12/31/2020
330182,ST FRANCIS HOSPITAL - THE HEART CENTER,100 PORT WASHINGTON BOULEVARD,ROSLYN,NY,11576,NASSAU,(516) 562-6000,OP_35_ADM,Rate of inpatient admissions for patients receiving outpatient chemotherapy,No Different Than the National Rate,153,6.4,4.5,8.8,Not Applicable,Not Applicable,,07/01/2020,12/31/2020
330182,ST FRANCIS HOSPITAL - THE HEART CENTER,100 PORT WASHINGTON BOULEVARD,ROSLYN,NY,11576,NASSAU,(516) 562-6000,OP_35_ED,Rate of emergency department (ED) visits for patients receiving outpatient chemotherapy,No Different Than the National Rate,153,2.9,1.8,4.7,Not Applicable,Not Applicable,,07/01/2020,12/31/2020
330182,ST FRANCIS HOSPITAL - THE HEART CENTER,100 PORT WASHINGTON BOULEVARD,ROSLYN,NY,11576,NASSAU,(516) 562-6000,OP_36,Ratio of unplanned hospital visits after hospital outpatient surgery,No Different than expected,473,1,0.8,1.4,Not Applicable,Not Applicable,,07/01/2020,12/31/2020
330182,ST FRANCIS HOSPITAL - THE HEART CENTER,100 PORT WASHINGTON BOULEVARD,ROSLYN,NY,11576,NASSAU,(516) 562-6000,READM_30_AMI,Acute Myocardial Infarction (AMI) 30-Day Readmission Rate,No Different Than the National Rate,649,15.9,14.0,18.1,Not Applicable,Not Applicable,,07/01/2017,12/01/2019
330182,ST FRANCIS HOSPITAL - THE HEART CENTER,100 PORT WASHINGTON BOULEVARD,ROSLYN,NY,11576,NASSAU,(516) 562-6000,READM_30_CABG,Rate of readmission for CABG,No Different Than the National Rate,472,14.7,12.1,17.7,Not Applicable,Not Applicable,,07/01/2017,12/01/2019
330182,ST FRANCIS HOSPITAL - THE HEART CENTER,100 PORT WASHINGTON BOULEVARD,ROSLYN,NY,11576,NASSAU,(516) 562-6000,READM_30_COPD,Rate of readmission for chronic obstructive pulmonary disease (COPD) patients,No Different Than the National Rate,302,19.8,17.1,22.9,Not Applicable,Not Applicable,,07/01/2017,12/01/2019
330182,ST FRANCIS HOSPITAL - THE HEART CENTER,100 PORT WASHINGTON BOULEVARD,ROSLYN,NY,11576,NASSAU,(516) 562-6000,READM_30_HF,Heart failure (HF) 30-Day Readmission Rate,No Different Than the National Rate,1749,23.2,21.4,25.0,Not Applicable,Not Applicable,,07/01/2017,12/01/2019
330182,ST FRANCIS HOSPITAL - THE HEART CENTER,100 PORT WASHINGTON BOULEVARD,ROSLYN,NY,11576,NASSAU,(516) 562-6000,READM_30_HIP_KNEE,Rate of readmission after hip/knee replacement,No Different Than the National Rate,1104,3.1,2.4,4.0,Not Applicable,Not Applicable,,07/01/2017,12/01/2019
330182,ST FRANCIS HOSPITAL - THE HEART CENTER,100 PORT WASHINGTON BOULEVARD,ROSLYN,NY,11576,NASSAU,(516) 562-6000,READM_30_HOSP_WIDE,Rate of readmission after discharge from hospital (hospital-wide),No Different Than the National Rate,4030,15.8,15.0,16.6,Not Applicable,Not Applicable,,07/01/2019,12/01/2019
330182,ST FRANCIS HOSPITAL - THE HEART CENTER,100 PORT WASHINGTON BOULEVARD,ROSLYN,NY,11576,NASSAU,(516) 562-6000,READM_30_PN,Pneumonia (PN) 30-Day Readmission Rate,No Different Than the National Rate,890,16.7,14.8,18.7,Not Applicable,Not Applicable,,07/01/2017,12/01/2019
330195,LONG ISLAND JEWISH MEDICAL CENTER,270 - 05 76TH AVENUE,NEW HYDE PARK,NY,11040,NASSAU,(718) 470-7000,EDAC_30_AMI,Hospital return days for heart attack patients,More Days Than Average per 100 Discharges,196,27.7,4.3,55.6,190,46,,07/01/2017,12/01/2019
330195,LONG ISLAND JEWISH MEDICAL CENTER,270 - 05 76TH AVENUE,NEW HYDE PARK,NY,11040,NASSAU,(718) 470-7000,EDAC_30_HF,Hospital return days for heart failure patients,More Days Than Average per 100 Discharges,1309,30.2,15.6,45.5,1063,336,,07/01/2017,12/01/2019
330195,LONG ISLAND JEWISH MEDICAL CENTER,270 - 05 76TH AVENUE,NEW HYDE PARK,NY,11040,NASSAU,(718) 470-7000,EDAC_30_PN,Hospital return days for pneumonia patients,More Days Than Average per 100 Discharges,1433,57.9,43.5,72.4,1310,346,,07/01/2017,12/01/2019
330195,LONG ISLAND JEWISH MEDICAL CENTER,270 - 05 76TH AVENUE,NEW HYDE PARK,NY,11040,NASSAU,(718) 470-7000,OP_32,"Rate of unplanned hospital visits after colonoscopy (per 1,000 colonoscopies)",No Different Than the National Rate,722,12.5,9.1,17,Not Applicable,Not Applicable,,01/01/2018,12/31/2020
330195,LONG ISLAND JEWISH MEDICAL CENTER,270 - 05 76TH AVENUE,NEW HYDE PARK,NY,11040,NASSAU,(718) 470-7000,OP_35_ADM,Rate of inpatient admissions for patients receiving outpatient chemotherapy,No Different Than the National Rate,765,6.8,5.5,8.4,Not Applicable,Not Applicable,,07/01/2020,12/31/2020
330195,LONG ISLAND JEWISH MEDICAL CENTER,270 - 05 76TH AVENUE,NEW HYDE PARK,NY,11040,NASSAU,(718) 470-7000,OP_35_ED,Rate of emergency department (ED) visits for patients receiving outpatient chemotherapy,No Different Than the National Rate,765,3.4,2.6,4.6,Not Applicable,Not Applicable,,07/01/2020,12/31/2020
330195,LONG ISLAND JEWISH MEDICAL CENTER,270 - 05 76TH AVENUE,NEW HYDE PARK,NY,11040,NASSAU,(718) 470-7000,OP_36,Ratio of unplanned hospital visits after hospital outpatient surgery,No Different than expected,513,0.8,0.6,1.1,Not Applicable,Not Applicable,,07/01/2020,12/31/2020
330195,LONG ISLAND JEWISH MEDICAL CENTER,270 - 05 76TH AVENUE,NEW HYDE PARK,NY,11040,NASSAU,(718) 470-7000,READM_30_AMI,Acute Myocardial Infarction (AMI) 30-Day Readmission Rate,No Different Than the National Rate,196,16.1,13.4,19.2,Not Applicable,Not Applicable,,07/01/2017,12/01/2019
330195,LONG ISLAND JEWISH MEDICAL CENTER,270 - 05 76TH AVENUE,NEW HYDE PARK,NY,11040,NASSAU,(718) 470-7000,READM_30_CABG,Rate of readmission for CABG,Not Available,Not Available,Not Available,Not Available,Not Available,Not Applicable,Not Applicable,5,07/01/2017,12/01/2019
330195,LONG ISLAND JEWISH MEDICAL CENTER,270 - 05 76TH AVENUE,NEW HYDE PARK,NY,11040,NASSAU,(718) 470-7000,READM_30_COPD,Rate of readmission for chronic obstructive pulmonary disease (COPD) patients,No Different Than the National Rate,507,20.1,17.6,22.8,Not Applicable,Not Applicable,,07/01/2017,12/01/2019
330195,LONG ISLAND JEWISH MEDICAL CENTER,270 - 05 76TH AVENUE,NEW HYDE PARK,NY,11040,NASSAU,(718) 470-7000,READM_30_HF,Heart failure (HF) 30-Day Readmission Rate,No Different Than the National Rate,1309,22.2,20.3,24.3,Not Applicable,Not Applicable,,07/01/2017,12/01/2019
330195,LONG ISLAND JEWISH MEDICAL CENTER,270 - 05 76TH AVENUE,NEW HYDE PARK,NY,11040,NASSAU,(718) 470-7000,READM_30_HIP_KNEE,Rate of readmission after hip/knee replacement,No Different Than the National Rate,865,3.9,3.0,5.1,Not Applicable,Not Applicable,,07/01/2017,12/01/2019
330195,LONG ISLAND JEWISH MEDICAL CENTER,270 - 05 76TH AVENUE,NEW HYDE PARK,NY,11040,NASSAU,(718) 470-7000,READM_30_HOSP_WIDE,Rate of readmission after discharge from hospital (hospital-wide),Worse Than the National Rate,4283,17.1,15.8,17.9,Not Applicable,Not Applicable,,07/01/2019,12/01/2019
330195,LONG ISLAND JEWISH MEDICAL CENTER,270 - 05 76TH AVENUE,NEW HYDE PARK,NY,11040,NASSAU,(718) 470-7000,READM_30_PN,Pneumonia (PN) 30-Day Readmission Rate,Worse Than the National Rate,1433,19.4,17.7,21.3,Not Applicable,Not Applicable,,07/01/2017,12/01/2019
330198,MOUNT SINAI SOUTH NASSAU,ONE HEALTHY WAY,OCEANSIDE,NY,11572,NASSAU,(516) 632-3000,EDAC_30_AMI,Hospital return days for heart attack patients,Average Days per 100 Discharges,230,14.8,-3.6,36.6,223,57,,07/01/2017,12/01/2019
330198,MOUNT SINAI SOUTH NASSAU,ONE HEALTHY WAY,OCEANSIDE,NY,11572,NASSAU,(516) 632-3000,EDAC_30_HF,Hospital return days for heart failure patients,More Days Than Average per 100 Discharges,791,27.6,11.3,44.6,647,212,,07/01/2017,12/01/2019
330198,MOUNT SINAI SOUTH NASSAU,ONE HEALTHY WAY,OCEANSIDE,NY,11572,NASSAU,(516) 632-3000,EDAC_30_PN,Hospital return days for pneumonia patients,More Days Than Average per 100 Discharges,1291,69.3,55,84.5,1133,340,,07/01/2017,12/01/2019
330198,MOUNT SINAI SOUTH NASSAU,ONE HEALTHY WAY,OCEANSIDE,NY,11572,NASSAU,(516) 632-3000,OP_32,"Rate of unplanned hospital visits after colonoscopy (per 1,000 colonoscopies)",No Different Than the National Rate,824,14.3,10.4,19.3,Not Applicable,Not Applicable,,01/01/2018,12/31/2020
330198,MOUNT SINAI SOUTH NASSAU,ONE HEALTHY WAY,OCEANSIDE,NY,11572,NASSAU,(516) 632-3000,OP_35_ADM,Rate of inpatient admissions for patients receiving outpatient chemotherapy,No Different Than the National Rate,105,7.2,5.2,9.9,Not Applicable,Not Applicable,,07/01/2020,12/31/2020
330198,MOUNT SINAI SOUTH NASSAU,ONE HEALTHY WAY,OCEANSIDE,NY,11572,NASSAU,(516) 632-3000,OP_35_ED,Rate of emergency department (ED) visits for patients receiving outpatient chemotherapy,No Different Than the National Rate,105,4.1,2.6,6.4,Not Applicable,Not Applicable,,07/01/2020,12/31/2020
330198,MOUNT SINAI SOUTH NASSAU,ONE HEALTHY WAY,OCEANSIDE,NY,11572,NASSAU,(516) 632-3000,OP_36,Ratio of unplanned hospital visits after hospital outpatient surgery,No Different than expected,262,1.2,0.8,1.6,Not Applicable,Not Applicable,,07/01/2020,12/31/2020
330198,MOUNT SINAI SOUTH NASSAU,ONE HEALTHY WAY,OCEANSIDE,NY,11572,NASSAU,(516) 632-3000,READM_30_AMI,Acute Myocardial Infarction (AMI) 30-Day Readmission Rate,No Different Than the National Rate,230,15.8,13.2,19.0,Not Applicable,Not Applicable,,07/01/2017,12/01/2019
330198,MOUNT SINAI SOUTH NASSAU,ONE HEALTHY WAY,OCEANSIDE,NY,11572,NASSAU,(516) 632-3000,READM_30_CABG,Rate of readmission for CABG,Not Available,Not Available,Not Available,Not Available,Not Available,Not Applicable,Not Applicable,5,07/01/2017,12/01/2019
330198,MOUNT SINAI SOUTH NASSAU,ONE HEALTHY WAY,OCEANSIDE,NY,11572,NASSAU,(516) 632-3000,READM_30_COPD,Rate of readmission for chronic obstructive pulmonary disease (COPD) patients,No Different Than the National Rate,561,20.9,18.5,23.5,Not Applicable,Not Applicable,,07/01/2017,12/01/2019
330198,MOUNT SINAI SOUTH NASSAU,ONE HEALTHY WAY,OCEANSIDE,NY,11572,NASSAU,(516) 632-3000,READM_30_HF,Heart failure (HF) 30-Day Readmission Rate,No Different Than the National Rate,791,22.5,20.0,25.2,Not Applicable,Not Applicable,,07/01/2017,12/01/2019
330198,MOUNT SINAI SOUTH NASSAU,ONE HEALTHY WAY,OCEANSIDE,NY,11572,NASSAU,(516) 632-3000,READM_30_HIP_KNEE,Rate of readmission after hip/knee replacement,No Different Than the National Rate,200,3.5,2.4,4.9,Not Applicable,Not Applicable,,07/01/2017,12/01/2019
330198,MOUNT SINAI SOUTH NASSAU,ONE HEALTHY WAY,OCEANSIDE,NY,11572,NASSAU,(516) 632-3000,READM_30_HOSP_WIDE,Rate of readmission after discharge from hospital (hospital-wide),No Different Than the National Rate,2109,16,15.0,17.0,Not Applicable,Not Applicable,,07/01/2019,12/01/2019
330198,MOUNT SINAI SOUTH NASSAU,ONE HEALTHY WAY,OCEANSIDE,NY,11572,NASSAU,(516) 632-3000,READM_30_PN,Pneumonia (PN) 30-Day Readmission Rate,Worse Than the National Rate,1291,19.3,17.5,21.2,Not Applicable,Not Applicable,,07/01/2017,12/01/2019
330259,MERCY MEDICAL CENTER,1000 NORTH VILLAGE AVENUE,ROCKVILLE CENTRE,NY,11570,NASSAU,(516) 705-2525,EDAC_30_AMI,Hospital return days for heart attack patients,More Days Than Average per 100 Discharges,52,70.1,26.1,122.7,52,15,,07/01/2017,12/01/2019
330259,MERCY MEDICAL CENTER,1000 NORTH VILLAGE AVENUE,ROCKVILLE CENTRE,NY,11570,NASSAU,(516) 705-2525,EDAC_30_HF,Hospital return days for heart failure patients,More Days Than Average per 100 Discharges,285,33.3,7.6,61.9,232,67,,07/01/2017,12/01/2019
330259,MERCY MEDICAL CENTER,1000 NORTH VILLAGE AVENUE,ROCKVILLE CENTRE,NY,11570,NASSAU,(516) 705-2525,EDAC_30_PN,Hospital return days for pneumonia patients,More Days Than Average per 100 Discharges,350,81.6,57.7,111,327,83,,07/01/2017,12/01/2019
330259,MERCY MEDICAL CENTER,1000 NORTH VILLAGE AVENUE,ROCKVILLE CENTRE,NY,11570,NASSAU,(516) 705-2525,OP_32,"Rate of unplanned hospital visits after colonoscopy (per 1,000 colonoscopies)",No Different Than the National Rate,621,13.3,9.5,18.7,Not Applicable,Not Applicable,,01/01/2018,12/31/2020
330259,MERCY MEDICAL CENTER,1000 NORTH VILLAGE AVENUE,ROCKVILLE CENTRE,NY,11570,NASSAU,(516) 705-2525,OP_35_ADM,Rate of inpatient admissions for patients receiving outpatient chemotherapy,No Different Than the National Rate,27,5.8,3.9,8.3,Not Applicable,Not Applicable,,07/01/2020,12/31/2020
330259,MERCY MEDICAL CENTER,1000 NORTH VILLAGE AVENUE,ROCKVILLE CENTRE,NY,11570,NASSAU,(516) 705-2525,OP_35_ED,Rate of emergency department (ED) visits for patients receiving outpatient chemotherapy,No Different Than the National Rate,27,3.9,2.2,6.4,Not Applicable,Not Applicable,,07/01/2020,12/31/2020
330259,MERCY MEDICAL CENTER,1000 NORTH VILLAGE AVENUE,ROCKVILLE CENTRE,NY,11570,NASSAU,(516) 705-2525,OP_36,Ratio of unplanned hospital visits after hospital outpatient surgery,No Different than expected,91,1,0.7,1.5,Not Applicable,Not Applicable,,07/01/2020,12/31/2020
330259,MERCY MEDICAL CENTER,1000 NORTH VILLAGE AVENUE,ROCKVILLE CENTRE,NY,11570,NASSAU,(516) 705-2525,READM_30_AMI,Acute Myocardial Infarction (AMI) 30-Day Readmission Rate,No Different Than the National Rate,52,15.9,13.2,19.3,Not Applicable,Not Applicable,,07/01/2017,12/01/2019
330259,MERCY MEDICAL CENTER,1000 NORTH VILLAGE AVENUE,ROCKVILLE CENTRE,NY,11570,NASSAU,(516) 705-2525,READM_30_CABG,Rate of readmission for CABG,Not Available,Not Available,Not Available,Not Available,Not Available,Not Applicable,Not Applicable,5,07/01/2017,12/01/2019
330259,MERCY MEDICAL CENTER,1000 NORTH VILLAGE AVENUE,ROCKVILLE CENTRE,NY,11570,NASSAU,(516) 705-2525,READM_30_COPD,Rate of readmission for chronic obstructive pulmonary disease (COPD) patients,No Different Than the National Rate,208,20.1,17.0,23.4,Not Applicable,Not Applicable,,07/01/2017,12/01/2019
330259,MERCY MEDICAL CENTER,1000 NORTH VILLAGE AVENUE,ROCKVILLE CENTRE,NY,11570,NASSAU,(516) 705-2525,READM_30_HF,Heart failure (HF) 30-Day Readmission Rate,No Different Than the National Rate,285,22,18.9,25.6,Not Applicable,Not Applicable,,07/01/2017,12/01/2019
330259,MERCY MEDICAL CENTER,1000 NORTH VILLAGE AVENUE,ROCKVILLE CENTRE,NY,11570,NASSAU,(516) 705-2525,READM_30_HIP_KNEE,Rate of readmission after hip/knee replacement,No Different Than the National Rate,69,4,2.7,5.9,Not Applicable,Not Applicable,,07/01/2017,12/01/2019
330259,MERCY MEDICAL CENTER,1000 NORTH VILLAGE AVENUE,ROCKVILLE CENTRE,NY,11570,NASSAU,(516) 705-2525,READM_30_HOSP_WIDE,Rate of readmission after discharge from hospital (hospital-wide),No Different Than the National Rate,883,15.8,14.6,17.1,Not Applicable,Not Applicable,,07/01/2019,12/01/2019
330259,MERCY MEDICAL CENTER,1000 NORTH VILLAGE AVENUE,ROCKVILLE CENTRE,NY,11570,NASSAU,(516) 705-2525,READM_30_PN,Pneumonia (PN) 30-Day Readmission Rate,No Different Than the National Rate,350,17.1,14.6,20.0,Not Applicable,Not Applicable,,07/01/2017,12/01/2019
330331,PLAINVIEW HOSPITAL,888 OLD COUNTRY ROAD,PLAINVIEW,NY,11803,NASSAU,(516) 719-3000,EDAC_30_AMI,Hospital return days for heart attack patients,More Days Than Average per 100 Discharges,39,82.4,37.2,140,35,11,,07/01/2017,12/01/2019
330331,PLAINVIEW HOSPITAL,888 OLD COUNTRY ROAD,PLAINVIEW,NY,11803,NASSAU,(516) 719-3000,EDAC_30_HF,Hospital return days for heart failure patients,Average Days per 100 Discharges,455,20.3,0,42.3,370,115,,07/01/2017,12/01/2019
330331,PLAINVIEW HOSPITAL,888 OLD COUNTRY ROAD,PLAINVIEW,NY,11803,NASSAU,(516) 719-3000,EDAC_30_PN,Hospital return days for pneumonia patients,More Days Than Average per 100 Discharges,549,22.7,6.5,40.4,500,120,,07/01/2017,12/01/2019
330331,PLAINVIEW HOSPITAL,888 OLD COUNTRY ROAD,PLAINVIEW,NY,11803,NASSAU,(516) 719-3000,OP_32,"Rate of unplanned hospital visits after colonoscopy (per 1,000 colonoscopies)",No Different Than the National Rate,638,13.2,9.5,18.3,Not Applicable,Not Applicable,,01/01/2018,12/31/2020
330331,PLAINVIEW HOSPITAL,888 OLD COUNTRY ROAD,PLAINVIEW,NY,11803,NASSAU,(516) 719-3000,OP_35_ADM,Rate of inpatient admissions for patients receiving outpatient chemotherapy,Number of Cases Too Small,Not Available,Not Available,Not Available,Not Available,Not Applicable,Not Applicable,1,07/01/2020,12/31/2020
330331,PLAINVIEW HOSPITAL,888 OLD COUNTRY ROAD,PLAINVIEW,NY,11803,NASSAU,(516) 719-3000,OP_35_ED,Rate of emergency department (ED) visits for patients receiving outpatient chemotherapy,Number of Cases Too Small,Not Available,Not Available,Not Available,Not Available,Not Applicable,Not Applicable,1,07/01/2020,12/31/2020
330331,PLAINVIEW HOSPITAL,888 OLD COUNTRY ROAD,PLAINVIEW,NY,11803,NASSAU,(516) 719-3000,OP_36,Ratio of unplanned hospital visits after hospital outpatient surgery,No Different than expected,134,0.8,0.5,1.2,Not Applicable,Not Applicable,,07/01/2020,12/31/2020
330331,PLAINVIEW HOSPITAL,888 OLD COUNTRY ROAD,PLAINVIEW,NY,11803,NASSAU,(516) 719-3000,READM_30_AMI,Acute Myocardial Infarction (AMI) 30-Day Readmission Rate,No Different Than the National Rate,39,16.2,13.1,19.7,Not Applicable,Not Applicable,,07/01/2017,12/01/2019
330331,PLAINVIEW HOSPITAL,888 OLD COUNTRY ROAD,PLAINVIEW,NY,11803,NASSAU,(516) 719-3000,READM_30_CABG,Rate of readmission for CABG,Not Available,Not Available,Not Available,Not Available,Not Available,Not Applicable,Not Applicable,5,07/01/2017,12/01/2019
330331,PLAINVIEW HOSPITAL,888 OLD COUNTRY ROAD,PLAINVIEW,NY,11803,NASSAU,(516) 719-3000,READM_30_COPD,Rate of readmission for chronic obstructive pulmonary disease (COPD) patients,No Different Than the National Rate,156,20.6,17.3,24.3,Not Applicable,Not Applicable,,07/01/2017,12/01/2019
330331,PLAINVIEW HOSPITAL,888 OLD COUNTRY ROAD,PLAINVIEW,NY,11803,NASSAU,(516) 719-3000,READM_30_HF,Heart failure (HF) 30-Day Readmission Rate,No Different Than the National Rate,455,21.8,18.9,24.8,Not Applicable,Not Applicable,,07/01/2017,12/01/2019
330331,PLAINVIEW HOSPITAL,888 OLD COUNTRY ROAD,PLAINVIEW,NY,11803,NASSAU,(516) 719-3000,READM_30_HIP_KNEE,Rate of readmission after hip/knee replacement,No Different Than the National Rate,208,4.2,2.9,5.9,Not Applicable,Not Applicable,,07/01/2017,12/01/2019
330331,PLAINVIEW HOSPITAL,888 OLD COUNTRY ROAD,PLAINVIEW,NY,11803,NASSAU,(516) 719-3000,READM_30_HOSP_WIDE,Rate of readmission after discharge from hospital (hospital-wide),No Different Than the National Rate,1164,14.4,13.2,15.7,Not Applicable,Not Applicable,,07/01/2019,12/01/2019
330331,PLAINVIEW HOSPITAL,888 OLD COUNTRY ROAD,PLAINVIEW,NY,11803,NASSAU,(516) 719-3000,READM_30_PN,Pneumonia (PN) 30-Day Readmission Rate,No Different Than the National Rate,549,16.8,14.6,19.3,Not Applicable,Not Applicable,,07/01/2017,12/01/2019
330332,CHSLI ST JOSEPH HOSPITAL,4295 HEMPSTEAD TURNPIKE,BETHPAGE,NY,11714,NASSAU,(516) 579-6000,EDAC_30_AMI,Hospital return days for heart attack patients,Number of Cases Too Small,Not Available,Not Available,Not Available,Not Available,Not Available,Not Available,1,07/01/2017,12/01/2019
330332,CHSLI ST JOSEPH HOSPITAL,4295 HEMPSTEAD TURNPIKE,BETHPAGE,NY,11714,NASSAU,(516) 579-6000,EDAC_30_HF,Hospital return days for heart failure patients,More Days Than Average per 100 Discharges,444,42.1,21,64.9,375,128,,07/01/2017,12/01/2019
330332,CHSLI ST JOSEPH HOSPITAL,4295 HEMPSTEAD TURNPIKE,BETHPAGE,NY,11714,NASSAU,(516) 579-6000,EDAC_30_PN,Hospital return days for pneumonia patients,More Days Than Average per 100 Discharges,442,40.4,22.4,60.4,402,94,,07/01/2017,12/01/2019
330332,CHSLI ST JOSEPH HOSPITAL,4295 HEMPSTEAD TURNPIKE,BETHPAGE,NY,11714,NASSAU,(516) 579-6000,OP_32,"Rate of unplanned hospital visits after colonoscopy (per 1,000 colonoscopies)",No Different Than the National Rate,103,12.9,8.8,18.9,Not Applicable,Not Applicable,,01/01/2018,12/31/2020
330332,CHSLI ST JOSEPH HOSPITAL,4295 HEMPSTEAD TURNPIKE,BETHPAGE,NY,11714,NASSAU,(516) 579-6000,OP_35_ADM,Rate of inpatient admissions for patients receiving outpatient chemotherapy,Number of Cases Too Small,Not Available,Not Available,Not Available,Not Available,Not Applicable,Not Applicable,1,07/01/2020,12/31/2020
330332,CHSLI ST JOSEPH HOSPITAL,4295 HEMPSTEAD TURNPIKE,BETHPAGE,NY,11714,NASSAU,(516) 579-6000,OP_35_ED,Rate of emergency department (ED) visits for patients receiving outpatient chemotherapy,Number of Cases Too Small,Not Available,Not Available,Not Available,Not Available,Not Applicable,Not Applicable,1,07/01/2020,12/31/2020
330332,CHSLI ST JOSEPH HOSPITAL,4295 HEMPSTEAD TURNPIKE,BETHPAGE,NY,11714,NASSAU,(516) 579-6000,OP_36,Ratio of unplanned hospital visits after hospital outpatient surgery,No Different than expected,94,0.9,0.6,1.4,Not Applicable,Not Applicable,,07/01/2020,12/31/2020
330332,CHSLI ST JOSEPH HOSPITAL,4295 HEMPSTEAD TURNPIKE,BETHPAGE,NY,11714,NASSAU,(516) 579-6000,READM_30_AMI,Acute Myocardial Infarction (AMI) 30-Day Readmission Rate,Number of Cases Too Small,Not Available,Not Available,Not Available,Not Available,Not Applicable,Not Applicable,1,07/01/2017,12/01/2019
330332,CHSLI ST JOSEPH HOSPITAL,4295 HEMPSTEAD TURNPIKE,BETHPAGE,NY,11714,NASSAU,(516) 579-6000,READM_30_CABG,Rate of readmission for CABG,Not Available,Not Available,Not Available,Not Available,Not Available,Not Applicable,Not Applicable,5,07/01/2017,12/01/2019
330332,CHSLI ST JOSEPH HOSPITAL,4295 HEMPSTEAD TURNPIKE,BETHPAGE,NY,11714,NASSAU,(516) 579-6000,READM_30_COPD,Rate of readmission for chronic obstructive pulmonary disease (COPD) patients,No Different Than the National Rate,310,21,18.0,24.4,Not Applicable,Not Applicable,,07/01/2017,12/01/2019
330332,CHSLI ST JOSEPH HOSPITAL,4295 HEMPSTEAD TURNPIKE,BETHPAGE,NY,11714,NASSAU,(516) 579-6000,READM_30_HF,Heart failure (HF) 30-Day Readmission Rate,No Different Than the National Rate,444,22.9,19.9,26.0,Not Applicable,Not Applicable,,07/01/2017,12/01/2019
330332,CHSLI ST JOSEPH HOSPITAL,4295 HEMPSTEAD TURNPIKE,BETHPAGE,NY,11714,NASSAU,(516) 579-6000,READM_30_HIP_KNEE,Rate of readmission after hip/knee replacement,Number of Cases Too Small,Not Available,Not Available,Not Available,Not Available,Not Applicable,Not Applicable,1,07/01/2017,12/01/2019
330332,CHSLI ST JOSEPH HOSPITAL,4295 HEMPSTEAD TURNPIKE,BETHPAGE,NY,11714,NASSAU,(516) 579-6000,READM_30_HOSP_WIDE,Rate of readmission after discharge from hospital (hospital-wide),No Different Than the National Rate,892,15.8,14.5,17.1,Not Applicable,Not Applicable,,07/01/2019,12/01/2019
330332,CHSLI ST JOSEPH HOSPITAL,4295 HEMPSTEAD TURNPIKE,BETHPAGE,NY,11714,NASSAU,(516) 579-6000,READM_30_PN,Pneumonia (PN) 30-Day Readmission Rate,No Different Than the National Rate,442,17.7,15.0,20.4,Not Applicable,Not Applicable,,07/01/2017,12/01/2019
330043,NS/LIJ HS SOUTHSIDE HOSPITAL,301 EAST MAIN STREET,BAY SHORE,NY,11706,SUFFOLK,(631) 968-3000,EDAC_30_AMI,Hospital return days for heart attack patients,More Days Than Average per 100 Discharges,187,25.7,3.1,50.1,187,48,,07/01/2017,12/01/2019
330043,NS/LIJ HS SOUTHSIDE HOSPITAL,301 EAST MAIN STREET,BAY SHORE,NY,11706,SUFFOLK,(631) 968-3000,EDAC_30_HF,Hospital return days for heart failure patients,More Days Than Average per 100 Discharges,770,34.8,17.4,53.6,599,214,,07/01/2017,12/01/2019
330043,NS/LIJ HS SOUTHSIDE HOSPITAL,301 EAST MAIN STREET,BAY SHORE,NY,11706,SUFFOLK,(631) 968-3000,EDAC_30_PN,Hospital return days for pneumonia patients,More Days Than Average per 100 Discharges,636,53.1,34.7,72.7,586,163,,07/01/2017,12/01/2019
330043,NS/LIJ HS SOUTHSIDE HOSPITAL,301 EAST MAIN STREET,BAY SHORE,NY,11706,SUFFOLK,(631) 968-3000,OP_32,"Rate of unplanned hospital visits after colonoscopy (per 1,000 colonoscopies)",No Different Than the National Rate,851,11.5,8.2,15.8,Not Applicable,Not Applicable,,01/01/2018,12/31/2020
330043,NS/LIJ HS SOUTHSIDE HOSPITAL,301 EAST MAIN STREET,BAY SHORE,NY,11706,SUFFOLK,(631) 968-3000,OP_35_ADM,Rate of inpatient admissions for patients receiving outpatient chemotherapy,Not Available,Not Available,Not Available,Not Available,Not Available,Not Applicable,Not Applicable,5,07/01/2020,12/31/2020
330043,NS/LIJ HS SOUTHSIDE HOSPITAL,301 EAST MAIN STREET,BAY SHORE,NY,11706,SUFFOLK,(631) 968-3000,OP_35_ED,Rate of emergency department (ED) visits for patients receiving outpatient chemotherapy,Not Available,Not Available,Not Available,Not Available,Not Available,Not Applicable,Not Applicable,5,07/01/2020,12/31/2020
330043,NS/LIJ HS SOUTHSIDE HOSPITAL,301 EAST MAIN STREET,BAY SHORE,NY,11706,SUFFOLK,(631) 968-3000,OP_36,Ratio of unplanned hospital visits after hospital outpatient surgery,Number of cases too small,Not Available,Not Available,Not Available,Not Available,Not Applicable,Not Applicable,1,07/01/2020,12/31/2020
330043,NS/LIJ HS SOUTHSIDE HOSPITAL,301 EAST MAIN STREET,BAY SHORE,NY,11706,SUFFOLK,(631) 968-3000,READM_30_AMI,Acute Myocardial Infarction (AMI) 30-Day Readmission Rate,No Different Than the National Rate,187,16.6,13.9,19.8,Not Applicable,Not Applicable,,07/01/2017,12/01/2019
330043,NS/LIJ HS SOUTHSIDE HOSPITAL,301 EAST MAIN STREET,BAY SHORE,NY,11706,SUFFOLK,(631) 968-3000,READM_30_CABG,Rate of readmission for CABG,No Different Than the National Rate,133,12.7,9.5,17.0,Not Applicable,Not Applicable,,07/01/2017,12/01/2019
330043,NS/LIJ HS SOUTHSIDE HOSPITAL,301 EAST MAIN STREET,BAY SHORE,NY,11706,SUFFOLK,(631) 968-3000,READM_30_COPD,Rate of readmission for chronic obstructive pulmonary disease (COPD) patients,No Different Than the National Rate,286,19.9,17.2,22.8,Not Applicable,Not Applicable,,07/01/2017,12/01/2019
330043,NS/LIJ HS SOUTHSIDE HOSPITAL,301 EAST MAIN STREET,BAY SHORE,NY,11706,SUFFOLK,(631) 968-3000,READM_30_HF,Heart failure (HF) 30-Day Readmission Rate,No Different Than the National Rate,770,22.7,20.2,25.2,Not Applicable,Not Applicable,,07/01/2017,12/01/2019
330043,NS/LIJ HS SOUTHSIDE HOSPITAL,301 EAST MAIN STREET,BAY SHORE,NY,11706,SUFFOLK,(631) 968-3000,READM_30_HIP_KNEE,Rate of readmission after hip/knee replacement,No Different Than the National Rate,623,3.6,2.7,4.8,Not Applicable,Not Applicable,,07/01/2017,12/01/2019
330043,NS/LIJ HS SOUTHSIDE HOSPITAL,301 EAST MAIN STREET,BAY SHORE,NY,11706,SUFFOLK,(631) 968-3000,READM_30_HOSP_WIDE,Rate of readmission after discharge from hospital (hospital-wide),No Different Than the National Rate,2045,15.3,14.3,16.4,Not Applicable,Not Applicable,,07/01/2019,12/01/2019
330043,NS/LIJ HS SOUTHSIDE HOSPITAL,301 EAST MAIN STREET,BAY SHORE,NY,11706,SUFFOLK,(631) 968-3000,READM_30_PN,Pneumonia (PN) 30-Day Readmission Rate,No Different Than the National Rate,636,18,15.9,20.5,Not Applicable,Not Applicable,,07/01/2017,12/01/2019
330045,NS/LIJ HS HUNTINGTON HOSPITAL,270 PARK AVENUE,HUNTINGTON,NY,11743,SUFFOLK,(631) 351-2000,EDAC_30_AMI,Hospital return days for heart attack patients,More Days Than Average per 100 Discharges,240,31.8,10.7,55.1,232,62,,07/01/2017,12/01/2019
330045,NS/LIJ HS HUNTINGTON HOSPITAL,270 PARK AVENUE,HUNTINGTON,NY,11743,SUFFOLK,(631) 351-2000,EDAC_30_HF,Hospital return days for heart failure patients,More Days Than Average per 100 Discharges,959,16.5,1.5,32.8,720,229,,07/01/2017,12/01/2019
330045,NS/LIJ HS HUNTINGTON HOSPITAL,270 PARK AVENUE,HUNTINGTON,NY,11743,SUFFOLK,(631) 351-2000,EDAC_30_PN,Hospital return days for pneumonia patients,More Days Than Average per 100 Discharges,1142,41.3,27.5,56.3,985,284,,07/01/2017,12/01/2019
330045,NS/LIJ HS HUNTINGTON HOSPITAL,270 PARK AVENUE,HUNTINGTON,NY,11743,SUFFOLK,(631) 351-2000,OP_32,"Rate of unplanned hospital visits after colonoscopy (per 1,000 colonoscopies)",No Different Than the National Rate,714,14.4,10.5,19.6,Not Applicable,Not Applicable,,01/01/2018,12/31/2020
330045,NS/LIJ HS HUNTINGTON HOSPITAL,270 PARK AVENUE,HUNTINGTON,NY,11743,SUFFOLK,(631) 351-2000,OP_35_ADM,Rate of inpatient admissions for patients receiving outpatient chemotherapy,Number of Cases Too Small,Not Available,Not Available,Not Available,Not Available,Not Applicable,Not Applicable,1,07/01/2020,12/31/2020
330045,NS/LIJ HS HUNTINGTON HOSPITAL,270 PARK AVENUE,HUNTINGTON,NY,11743,SUFFOLK,(631) 351-2000,OP_35_ED,Rate of emergency department (ED) visits for patients receiving outpatient chemotherapy,Number of Cases Too Small,Not Available,Not Available,Not Available,Not Available,Not Applicable,Not Applicable,1,07/01/2020,12/31/2020
330045,NS/LIJ HS HUNTINGTON HOSPITAL,270 PARK AVENUE,HUNTINGTON,NY,11743,SUFFOLK,(631) 351-2000,OP_36,Ratio of unplanned hospital visits after hospital outpatient surgery,No Different than expected,206,0.8,0.5,1.1,Not Applicable,Not Applicable,,07/01/2020,12/31/2020
330045,NS/LIJ HS HUNTINGTON HOSPITAL,270 PARK AVENUE,HUNTINGTON,NY,11743,SUFFOLK,(631) 351-2000,READM_30_AMI,Acute Myocardial Infarction (AMI) 30-Day Readmission Rate,No Different Than the National Rate,240,17.1,14.4,20.2,Not Applicable,Not Applicable,,07/01/2017,12/01/2019
330045,NS/LIJ HS HUNTINGTON HOSPITAL,270 PARK AVENUE,HUNTINGTON,NY,11743,SUFFOLK,(631) 351-2000,READM_30_CABG,Rate of readmission for CABG,Not Available,Not Available,Not Available,Not Available,Not Available,Not Applicable,Not Applicable,5,07/01/2017,12/01/2019
330045,NS/LIJ HS HUNTINGTON HOSPITAL,270 PARK AVENUE,HUNTINGTON,NY,11743,SUFFOLK,(631) 351-2000,READM_30_COPD,Rate of readmission for chronic obstructive pulmonary disease (COPD) patients,No Different Than the National Rate,320,20.2,17.5,23.4,Not Applicable,Not Applicable,,07/01/2017,12/01/2019
330045,NS/LIJ HS HUNTINGTON HOSPITAL,270 PARK AVENUE,HUNTINGTON,NY,11743,SUFFOLK,(631) 351-2000,READM_30_HF,Heart failure (HF) 30-Day Readmission Rate,No Different Than the National Rate,959,21.8,19.7,24.3,Not Applicable,Not Applicable,,07/01/2017,12/01/2019
330045,NS/LIJ HS HUNTINGTON HOSPITAL,270 PARK AVENUE,HUNTINGTON,NY,11743,SUFFOLK,(631) 351-2000,READM_30_HIP_KNEE,Rate of readmission after hip/knee replacement,No Different Than the National Rate,572,3.6,2.7,4.8,Not Applicable,Not Applicable,,07/01/2017,12/01/2019
330045,NS/LIJ HS HUNTINGTON HOSPITAL,270 PARK AVENUE,HUNTINGTON,NY,11743,SUFFOLK,(631) 351-2000,READM_30_HOSP_WIDE,Rate of readmission after discharge from hospital (hospital-wide),No Different Than the National Rate,2371,15.7,14.8,16.7,Not Applicable,Not Applicable,,07/01/2019,12/01/2019
330045,NS/LIJ HS HUNTINGTON HOSPITAL,270 PARK AVENUE,HUNTINGTON,NY,11743,SUFFOLK,(631) 351-2000,READM_30_PN,Pneumonia (PN) 30-Day Readmission Rate,Worse Than the National Rate,1142,18.6,16.8,20.4,Not Applicable,Not Applicable,,07/01/2017,12/01/2019
330107,PECONIC BAY MEDICAL CENTER,1 HEROS WAY,RIVERHEAD,NY,11901,SUFFOLK,(631) 548-6000,EDAC_30_AMI,Hospital return days for heart attack patients,Average Days per 100 Discharges,67,13.3,-9.9,42.8,66,22,,07/01/2017,12/01/2019
330107,PECONIC BAY MEDICAL CENTER,1 HEROS WAY,RIVERHEAD,NY,11901,SUFFOLK,(631) 548-6000,EDAC_30_HF,Hospital return days for heart failure patients,Average Days per 100 Discharges,449,10.9,-9.2,32.8,338,108,,07/01/2017,12/01/2019
330107,PECONIC BAY MEDICAL CENTER,1 HEROS WAY,RIVERHEAD,NY,11901,SUFFOLK,(631) 548-6000,EDAC_30_PN,Hospital return days for pneumonia patients,More Days Than Average per 100 Discharges,489,29.2,11.4,50.6,433,108,,07/01/2017,12/01/2019
330107,PECONIC BAY MEDICAL CENTER,1 HEROS WAY,RIVERHEAD,NY,11901,SUFFOLK,(631) 548-6000,OP_32,"Rate of unplanned hospital visits after colonoscopy (per 1,000 colonoscopies)",No Different Than the National Rate,138,13,8.9,18.7,Not Applicable,Not Applicable,,01/01/2018,12/31/2020
330107,PECONIC BAY MEDICAL CENTER,1 HEROS WAY,RIVERHEAD,NY,11901,SUFFOLK,(631) 548-6000,OP_35_ADM,Rate of inpatient admissions for patients receiving outpatient chemotherapy,Number of Cases Too Small,Not Available,Not Available,Not Available,Not Available,Not Applicable,Not Applicable,1,07/01/2020,12/31/2020
330107,PECONIC BAY MEDICAL CENTER,1 HEROS WAY,RIVERHEAD,NY,11901,SUFFOLK,(631) 548-6000,OP_35_ED,Rate of emergency department (ED) visits for patients receiving outpatient chemotherapy,Number of Cases Too Small,Not Available,Not Available,Not Available,Not Available,Not Applicable,Not Applicable,1,07/01/2020,12/31/2020
330107,PECONIC BAY MEDICAL CENTER,1 HEROS WAY,RIVERHEAD,NY,11901,SUFFOLK,(631) 548-6000,OP_36,Ratio of unplanned hospital visits after hospital outpatient surgery,No Different than expected,180,1,0.7,1.4,Not Applicable,Not Applicable,,07/01/2020,12/31/2020
330107,PECONIC BAY MEDICAL CENTER,1 HEROS WAY,RIVERHEAD,NY,11901,SUFFOLK,(631) 548-6000,READM_30_AMI,Acute Myocardial Infarction (AMI) 30-Day Readmission Rate,No Different Than the National Rate,67,17.9,14.5,22.2,Not Applicable,Not Applicable,,07/01/2017,12/01/2019
330107,PECONIC BAY MEDICAL CENTER,1 HEROS WAY,RIVERHEAD,NY,11901,SUFFOLK,(631) 548-6000,READM_30_CABG,Rate of readmission for CABG,Not Available,Not Available,Not Available,Not Available,Not Available,Not Applicable,Not Applicable,5,07/01/2017,12/01/2019
330107,PECONIC BAY MEDICAL CENTER,1 HEROS WAY,RIVERHEAD,NY,11901,SUFFOLK,(631) 548-6000,READM_30_COPD,Rate of readmission for chronic obstructive pulmonary disease (COPD) patients,No Different Than the National Rate,298,22,19.2,25.4,Not Applicable,Not Applicable,,07/01/2017,12/01/2019
330107,PECONIC BAY MEDICAL CENTER,1 HEROS WAY,RIVERHEAD,NY,11901,SUFFOLK,(631) 548-6000,READM_30_HF,Heart failure (HF) 30-Day Readmission Rate,No Different Than the National Rate,449,20.9,18.0,24.1,Not Applicable,Not Applicable,,07/01/2017,12/01/2019
330107,PECONIC BAY MEDICAL CENTER,1 HEROS WAY,RIVERHEAD,NY,11901,SUFFOLK,(631) 548-6000,READM_30_HIP_KNEE,Rate of readmission after hip/knee replacement,Better Than the National Rate,970,2.9,2.2,3.8,Not Applicable,Not Applicable,,07/01/2017,12/01/2019
330107,PECONIC BAY MEDICAL CENTER,1 HEROS WAY,RIVERHEAD,NY,11901,SUFFOLK,(631) 548-6000,READM_30_HOSP_WIDE,Rate of readmission after discharge from hospital (hospital-wide),No Different Than the National Rate,1379,16.6,15.3,17.9,Not Applicable,Not Applicable,,07/01/2019,12/01/2019
330107,PECONIC BAY MEDICAL CENTER,1 HEROS WAY,RIVERHEAD,NY,11901,SUFFOLK,(631) 548-6000,READM_30_PN,Pneumonia (PN) 30-Day Readmission Rate,No Different Than the National Rate,489,17.1,14.8,19.6,Not Applicable,Not Applicable,,07/01/2017,12/01/2019
330141,LONG ISLAND COMMUNITY HOSPITAL,101 HOSPITAL ROAD,PATCHOGUE,NY,11772,SUFFOLK,(631) 654-7100,EDAC_30_AMI,Hospital return days for heart attack patients,Average Days per 100 Discharges,161,4.1,-15.6,29.2,158,44,,07/01/2017,12/01/2019
330141,LONG ISLAND COMMUNITY HOSPITAL,101 HOSPITAL ROAD,PATCHOGUE,NY,11772,SUFFOLK,(631) 654-7100,EDAC_30_HF,Hospital return days for heart failure patients,More Days Than Average per 100 Discharges,504,36.8,15.1,61.1,404,147,,07/01/2017,12/01/2019
330141,LONG ISLAND COMMUNITY HOSPITAL,101 HOSPITAL ROAD,PATCHOGUE,NY,11772,SUFFOLK,(631) 654-7100,EDAC_30_PN,Hospital return days for pneumonia patients,More Days Than Average per 100 Discharges,926,78.7,61.3,97.2,788,276,,07/01/2017,12/01/2019
330141,LONG ISLAND COMMUNITY HOSPITAL,101 HOSPITAL ROAD,PATCHOGUE,NY,11772,SUFFOLK,(631) 654-7100,OP_32,"Rate of unplanned hospital visits after colonoscopy (per 1,000 colonoscopies)",No Different Than the National Rate,280,13.2,9.3,18.3,Not Applicable,Not Applicable,,01/01/2018,12/31/2020
330141,LONG ISLAND COMMUNITY HOSPITAL,101 HOSPITAL ROAD,PATCHOGUE,NY,11772,SUFFOLK,(631) 654-7100,OP_35_ADM,Rate of inpatient admissions for patients receiving outpatient chemotherapy,Number of Cases Too Small,Not Available,Not Available,Not Available,Not Available,Not Applicable,Not Applicable,1,07/01/2020,12/31/2020
330141,LONG ISLAND COMMUNITY HOSPITAL,101 HOSPITAL ROAD,PATCHOGUE,NY,11772,SUFFOLK,(631) 654-7100,OP_35_ED,Rate of emergency department (ED) visits for patients receiving outpatient chemotherapy,Number of Cases Too Small,Not Available,Not Available,Not Available,Not Available,Not Applicable,Not Applicable,1,07/01/2020,12/31/2020
330141,LONG ISLAND COMMUNITY HOSPITAL,101 HOSPITAL ROAD,PATCHOGUE,NY,11772,SUFFOLK,(631) 654-7100,OP_36,Ratio of unplanned hospital visits after hospital outpatient surgery,No Different than expected,174,1,0.7,1.4,Not Applicable,Not Applicable,,07/01/2020,12/31/2020
330141,LONG ISLAND COMMUNITY HOSPITAL,101 HOSPITAL ROAD,PATCHOGUE,NY,11772,SUFFOLK,(631) 654-7100,READM_30_AMI,Acute Myocardial Infarction (AMI) 30-Day Readmission Rate,No Different Than the National Rate,161,16,13.2,19.1,Not Applicable,Not Applicable,,07/01/2017,12/01/2019
330141,LONG ISLAND COMMUNITY HOSPITAL,101 HOSPITAL ROAD,PATCHOGUE,NY,11772,SUFFOLK,(631) 654-7100,READM_30_CABG,Rate of readmission for CABG,Not Available,Not Available,Not Available,Not Available,Not Available,Not Applicable,Not Applicable,5,07/01/2017,12/01/2019
330141,LONG ISLAND COMMUNITY HOSPITAL,101 HOSPITAL ROAD,PATCHOGUE,NY,11772,SUFFOLK,(631) 654-7100,READM_30_COPD,Rate of readmission for chronic obstructive pulmonary disease (COPD) patients,No Different Than the National Rate,420,20.2,17.8,23.0,Not Applicable,Not Applicable,,07/01/2017,12/01/2019
330141,LONG ISLAND COMMUNITY HOSPITAL,101 HOSPITAL ROAD,PATCHOGUE,NY,11772,SUFFOLK,(631) 654-7100,READM_30_HF,Heart failure (HF) 30-Day Readmission Rate,No Different Than the National Rate,504,22.6,19.9,25.6,Not Applicable,Not Applicable,,07/01/2017,12/01/2019
330141,LONG ISLAND COMMUNITY HOSPITAL,101 HOSPITAL ROAD,PATCHOGUE,NY,11772,SUFFOLK,(631) 654-7100,READM_30_HIP_KNEE,Rate of readmission after hip/knee replacement,No Different Than the National Rate,64,4.7,3.2,7.1,Not Applicable,Not Applicable,,07/01/2017,12/01/2019
330141,LONG ISLAND COMMUNITY HOSPITAL,101 HOSPITAL ROAD,PATCHOGUE,NY,11772,SUFFOLK,(631) 654-7100,READM_30_HOSP_WIDE,Rate of readmission after discharge from hospital (hospital-wide),Worse Than the National Rate,1380,17.2,15.7,18.4,Not Applicable,Not Applicable,,07/01/2019,12/01/2019
330141,LONG ISLAND COMMUNITY HOSPITAL,101 HOSPITAL ROAD,PATCHOGUE,NY,11772,SUFFOLK,(631) 654-7100,READM_30_PN,Pneumonia (PN) 30-Day Readmission Rate,Worse Than the National Rate,926,20.5,18.6,22.6,Not Applicable,Not Applicable,,07/01/2017,12/01/2019
330185,JOHN T MATHER MEMORIAL HOSPITAL  OF PORT JEFFERSON,75 NORTH COUNTRY ROAD,PORT JEFFERSON,NY,11777,SUFFOLK,(631) 473-1320,EDAC_30_AMI,Hospital return days for heart attack patients,Average Days per 100 Discharges,46,-3.6,-30.2,30.6,45,13,,07/01/2017,12/01/2019
330185,JOHN T MATHER MEMORIAL HOSPITAL  OF PORT JEFFERSON,75 NORTH COUNTRY ROAD,PORT JEFFERSON,NY,11777,SUFFOLK,(631) 473-1320,EDAC_30_HF,Hospital return days for heart failure patients,More Days Than Average per 100 Discharges,576,40.4,19.6,63.9,437,171,,07/01/2017,12/01/2019
330185,JOHN T MATHER MEMORIAL HOSPITAL  OF PORT JEFFERSON,75 NORTH COUNTRY ROAD,PORT JEFFERSON,NY,11777,SUFFOLK,(631) 473-1320,EDAC_30_PN,Hospital return days for pneumonia patients,More Days Than Average per 100 Discharges,854,29,14.4,44.8,734,206,,07/01/2017,12/01/2019
330185,JOHN T MATHER MEMORIAL HOSPITAL  OF PORT JEFFERSON,75 NORTH COUNTRY ROAD,PORT JEFFERSON,NY,11777,SUFFOLK,(631) 473-1320,OP_32,"Rate of unplanned hospital visits after colonoscopy (per 1,000 colonoscopies)",No Different Than the National Rate,533,12.4,8.9,17,Not Applicable,Not Applicable,,01/01/2018,12/31/2020
330185,JOHN T MATHER MEMORIAL HOSPITAL  OF PORT JEFFERSON,75 NORTH COUNTRY ROAD,PORT JEFFERSON,NY,11777,SUFFOLK,(631) 473-1320,OP_35_ADM,Rate of inpatient admissions for patients receiving outpatient chemotherapy,Number of Cases Too Small,Not Available,Not Available,Not Available,Not Available,Not Applicable,Not Applicable,1,07/01/2020,12/31/2020
330185,JOHN T MATHER MEMORIAL HOSPITAL  OF PORT JEFFERSON,75 NORTH COUNTRY ROAD,PORT JEFFERSON,NY,11777,SUFFOLK,(631) 473-1320,OP_35_ED,Rate of emergency department (ED) visits for patients receiving outpatient chemotherapy,Number of Cases Too Small,Not Available,Not Available,Not Available,Not Available,Not Applicable,Not Applicable,1,07/01/2020,12/31/2020
330185,JOHN T MATHER MEMORIAL HOSPITAL  OF PORT JEFFERSON,75 NORTH COUNTRY ROAD,PORT JEFFERSON,NY,11777,SUFFOLK,(631) 473-1320,OP_36,Ratio of unplanned hospital visits after hospital outpatient surgery,No Different than expected,214,1.1,0.8,1.5,Not Applicable,Not Applicable,,07/01/2020,12/31/2020
330185,JOHN T MATHER MEMORIAL HOSPITAL  OF PORT JEFFERSON,75 NORTH COUNTRY ROAD,PORT JEFFERSON,NY,11777,SUFFOLK,(631) 473-1320,READM_30_AMI,Acute Myocardial Infarction (AMI) 30-Day Readmission Rate,No Different Than the National Rate,46,15.4,12.6,18.6,Not Applicable,Not Applicable,,07/01/2017,12/01/2019
330185,JOHN T MATHER MEMORIAL HOSPITAL  OF PORT JEFFERSON,75 NORTH COUNTRY ROAD,PORT JEFFERSON,NY,11777,SUFFOLK,(631) 473-1320,READM_30_CABG,Rate of readmission for CABG,Not Available,Not Available,Not Available,Not Available,Not Available,Not Applicable,Not Applicable,5,07/01/2017,12/01/2019
330185,JOHN T MATHER MEMORIAL HOSPITAL  OF PORT JEFFERSON,75 NORTH COUNTRY ROAD,PORT JEFFERSON,NY,11777,SUFFOLK,(631) 473-1320,READM_30_COPD,Rate of readmission for chronic obstructive pulmonary disease (COPD) patients,No Different Than the National Rate,432,21.2,18.6,24.3,Not Applicable,Not Applicable,,07/01/2017,12/01/2019
330185,JOHN T MATHER MEMORIAL HOSPITAL  OF PORT JEFFERSON,75 NORTH COUNTRY ROAD,PORT JEFFERSON,NY,11777,SUFFOLK,(631) 473-1320,READM_30_HF,Heart failure (HF) 30-Day Readmission Rate,No Different Than the National Rate,576,23,20.4,25.9,Not Applicable,Not Applicable,,07/01/2017,12/01/2019
330185,JOHN T MATHER MEMORIAL HOSPITAL  OF PORT JEFFERSON,75 NORTH COUNTRY ROAD,PORT JEFFERSON,NY,11777,SUFFOLK,(631) 473-1320,READM_30_HIP_KNEE,Rate of readmission after hip/knee replacement,No Different Than the National Rate,286,3.8,2.7,5.4,Not Applicable,Not Applicable,,07/01/2017,12/01/2019
330185,JOHN T MATHER MEMORIAL HOSPITAL  OF PORT JEFFERSON,75 NORTH COUNTRY ROAD,PORT JEFFERSON,NY,11777,SUFFOLK,(631) 473-1320,READM_30_HOSP_WIDE,Rate of readmission after discharge from hospital (hospital-wide),No Different Than the National Rate,1607,14.6,13.6,15.7,Not Applicable,Not Applicable,,07/01/2019,12/01/2019
330185,JOHN T MATHER MEMORIAL HOSPITAL  OF PORT JEFFERSON,75 NORTH COUNTRY ROAD,PORT JEFFERSON,NY,11777,SUFFOLK,(631) 473-1320,READM_30_PN,Pneumonia (PN) 30-Day Readmission Rate,No Different Than the National Rate,854,17.7,15.8,19.8,Not Applicable,Not Applicable,,07/01/2017,12/01/2019
33019F,NORTHPORT VA MEDICAL CENTER,79 MIDDLEVILLE ROAD,NORTHPORT,NY,11768,SUFFOLK,(516) 261-4400,EDAC_30_AMI,Hospital return days for heart attack patients,More Days Than Average per 100 Discharges,29,51.5,15.4,100.5,29,10,,07/01/2017,12/01/2019
33019F,NORTHPORT VA MEDICAL CENTER,79 MIDDLEVILLE ROAD,NORTHPORT,NY,11768,SUFFOLK,(516) 261-4400,EDAC_30_HF,Hospital return days for heart failure patients,More Days Than Average per 100 Discharges,158,32.2,3.6,63.5,130,51,,07/01/2017,12/01/2019
33019F,NORTHPORT VA MEDICAL CENTER,79 MIDDLEVILLE ROAD,NORTHPORT,NY,11768,SUFFOLK,(516) 261-4400,EDAC_30_PN,Hospital return days for pneumonia patients,More Days Than Average per 100 Discharges,165,37.8,13.3,67.1,142,51,,07/01/2017,12/01/2019
33019F,NORTHPORT VA MEDICAL CENTER,79 MIDDLEVILLE ROAD,NORTHPORT,NY,11768,SUFFOLK,(516) 261-4400,OP_32,"Rate of unplanned hospital visits after colonoscopy (per 1,000 colonoscopies)",Not Available,Not Available,Not Available,Not Available,Not Available,Not Applicable,Not Applicable,5,01/01/2018,12/31/2020
33019F,NORTHPORT VA MEDICAL CENTER,79 MIDDLEVILLE ROAD,NORTHPORT,NY,11768,SUFFOLK,(516) 261-4400,OP_35_ADM,Rate of inpatient admissions for patients receiving outpatient chemotherapy,Not Available,Not Available,Not Available,Not Available,Not Available,Not Applicable,Not Applicable,5,07/01/2020,12/31/2020
33019F,NORTHPORT VA MEDICAL CENTER,79 MIDDLEVILLE ROAD,NORTHPORT,NY,11768,SUFFOLK,(516) 261-4400,OP_35_ED,Rate of emergency department (ED) visits for patients receiving outpatient chemotherapy,Not Available,Not Available,Not Available,Not Available,Not Available,Not Applicable,Not Applicable,5,07/01/2020,12/31/2020
33019F,NORTHPORT VA MEDICAL CENTER,79 MIDDLEVILLE ROAD,NORTHPORT,NY,11768,SUFFOLK,(516) 261-4400,OP_36,Ratio of unplanned hospital visits after hospital outpatient surgery,Not Available,Not Available,Not Available,Not Available,Not Available,Not Applicable,Not Applicable,5,07/01/2020,12/31/2020
33019F,NORTHPORT VA MEDICAL CENTER,79 MIDDLEVILLE ROAD,NORTHPORT,NY,11768,SUFFOLK,(516) 261-4400,READM_30_AMI,Acute Myocardial Infarction (AMI) 30-Day Readmission Rate,No Different Than the National Rate,29,16.2,13.0,20.0,Not Applicable,Not Applicable,,07/01/2017,12/01/2019
33019F,NORTHPORT VA MEDICAL CENTER,79 MIDDLEVILLE ROAD,NORTHPORT,NY,11768,SUFFOLK,(516) 261-4400,READM_30_CABG,Rate of readmission for CABG,Not Available,Not Available,Not Available,Not Available,Not Available,Not Applicable,Not Applicable,5,07/01/2017,12/01/2019
33019F,NORTHPORT VA MEDICAL CENTER,79 MIDDLEVILLE ROAD,NORTHPORT,NY,11768,SUFFOLK,(516) 261-4400,READM_30_COPD,Rate of readmission for chronic obstructive pulmonary disease (COPD) patients,No Different Than the National Rate,152,20.1,17.1,24.0,Not Applicable,Not Applicable,,07/01/2017,12/01/2019
33019F,NORTHPORT VA MEDICAL CENTER,79 MIDDLEVILLE ROAD,NORTHPORT,NY,11768,SUFFOLK,(516) 261-4400,READM_30_HF,Heart failure (HF) 30-Day Readmission Rate,No Different Than the National Rate,158,23.2,19.8,27.6,Not Applicable,Not Applicable,,07/01/2017,12/01/2019
33019F,NORTHPORT VA MEDICAL CENTER,79 MIDDLEVILLE ROAD,NORTHPORT,NY,11768,SUFFOLK,(516) 261-4400,READM_30_HIP_KNEE,Rate of readmission after hip/knee replacement,No Different Than the National Rate,102,5.3,3.5,7.6,Not Applicable,Not Applicable,,07/01/2017,12/01/2019
33019F,NORTHPORT VA MEDICAL CENTER,79 MIDDLEVILLE ROAD,NORTHPORT,NY,11768,SUFFOLK,(516) 261-4400,READM_30_HOSP_WIDE,Rate of readmission after discharge from hospital (hospital-wide),Worse Than the National Rate,592,17.3,15.7,18.8,Not Applicable,Not Applicable,,07/01/2019,12/01/2019
33019F,NORTHPORT VA MEDICAL CENTER,79 MIDDLEVILLE ROAD,NORTHPORT,NY,11768,SUFFOLK,(516) 261-4400,READM_30_PN,Pneumonia (PN) 30-Day Readmission Rate,No Different Than the National Rate,165,17.6,14.7,20.8,Not Applicable,Not Applicable,,07/01/2017,12/01/2019
330246,ST CHARLES HOSPITAL,200 BELLE TERRE ROAD,PORT JEFFERSON,NY,11777,SUFFOLK,(631) 474-6000,EDAC_30_AMI,Hospital return days for heart attack patients,Number of Cases Too Small,Not Available,Not Available,Not Available,Not Available,Not Available,Not Available,1,07/01/2017,12/01/2019
330246,ST CHARLES HOSPITAL,200 BELLE TERRE ROAD,PORT JEFFERSON,NY,11777,SUFFOLK,(631) 474-6000,EDAC_30_HF,Hospital return days for heart failure patients,More Days Than Average per 100 Discharges,153,29.3,3.8,60.4,133,59,,07/01/2017,12/01/2019
330246,ST CHARLES HOSPITAL,200 BELLE TERRE ROAD,PORT JEFFERSON,NY,11777,SUFFOLK,(631) 474-6000,EDAC_30_PN,Hospital return days for pneumonia patients,More Days Than Average per 100 Discharges,192,44.3,16.9,73.1,173,40,,07/01/2017,12/01/2019
330246,ST CHARLES HOSPITAL,200 BELLE TERRE ROAD,PORT JEFFERSON,NY,11777,SUFFOLK,(631) 474-6000,OP_32,"Rate of unplanned hospital visits after colonoscopy (per 1,000 colonoscopies)",No Different Than the National Rate,206,14.6,10.2,20.9,Not Applicable,Not Applicable,,01/01/2018,12/31/2020
330246,ST CHARLES HOSPITAL,200 BELLE TERRE ROAD,PORT JEFFERSON,NY,11777,SUFFOLK,(631) 474-6000,OP_35_ADM,Rate of inpatient admissions for patients receiving outpatient chemotherapy,Not Available,Not Available,Not Available,Not Available,Not Available,Not Applicable,Not Applicable,5,07/01/2020,12/31/2020
330246,ST CHARLES HOSPITAL,200 BELLE TERRE ROAD,PORT JEFFERSON,NY,11777,SUFFOLK,(631) 474-6000,OP_35_ED,Rate of emergency department (ED) visits for patients receiving outpatient chemotherapy,Not Available,Not Available,Not Available,Not Available,Not Available,Not Applicable,Not Applicable,5,07/01/2020,12/31/2020
330246,ST CHARLES HOSPITAL,200 BELLE TERRE ROAD,PORT JEFFERSON,NY,11777,SUFFOLK,(631) 474-6000,OP_36,Ratio of unplanned hospital visits after hospital outpatient surgery,No Different than expected,223,0.8,0.5,1.1,Not Applicable,Not Applicable,,07/01/2020,12/31/2020
330246,ST CHARLES HOSPITAL,200 BELLE TERRE ROAD,PORT JEFFERSON,NY,11777,SUFFOLK,(631) 474-6000,READM_30_AMI,Acute Myocardial Infarction (AMI) 30-Day Readmission Rate,Number of Cases Too Small,Not Available,Not Available,Not Available,Not Available,Not Applicable,Not Applicable,1,07/01/2017,12/01/2019
330246,ST CHARLES HOSPITAL,200 BELLE TERRE ROAD,PORT JEFFERSON,NY,11777,SUFFOLK,(631) 474-6000,READM_30_CABG,Rate of readmission for CABG,Not Available,Not Available,Not Available,Not Available,Not Available,Not Applicable,Not Applicable,5,07/01/2017,12/01/2019
330246,ST CHARLES HOSPITAL,200 BELLE TERRE ROAD,PORT JEFFERSON,NY,11777,SUFFOLK,(631) 474-6000,READM_30_COPD,Rate of readmission for chronic obstructive pulmonary disease (COPD) patients,No Different Than the National Rate,156,19.6,16.4,23.3,Not Applicable,Not Applicable,,07/01/2017,12/01/2019
330246,ST CHARLES HOSPITAL,200 BELLE TERRE ROAD,PORT JEFFERSON,NY,11777,SUFFOLK,(631) 474-6000,READM_30_HF,Heart failure (HF) 30-Day Readmission Rate,No Different Than the National Rate,153,22.9,19.2,27.0,Not Applicable,Not Applicable,,07/01/2017,12/01/2019
330246,ST CHARLES HOSPITAL,200 BELLE TERRE ROAD,PORT JEFFERSON,NY,11777,SUFFOLK,(631) 474-6000,READM_30_HIP_KNEE,Rate of readmission after hip/knee replacement,No Different Than the National Rate,520,4.4,3.2,5.7,Not Applicable,Not Applicable,,07/01/2017,12/01/2019
330246,ST CHARLES HOSPITAL,200 BELLE TERRE ROAD,PORT JEFFERSON,NY,11777,SUFFOLK,(631) 474-6000,READM_30_HOSP_WIDE,Rate of readmission after discharge from hospital (hospital-wide),No Different Than the National Rate,632,16.1,14.6,17.6,Not Applicable,Not Applicable,,07/01/2019,12/01/2019
330246,ST CHARLES HOSPITAL,200 BELLE TERRE ROAD,PORT JEFFERSON,NY,11777,SUFFOLK,(631) 474-6000,READM_30_PN,Pneumonia (PN) 30-Day Readmission Rate,No Different Than the National Rate,192,16.2,13.5,19.2,Not Applicable,Not Applicable,,07/01/2017,12/01/2019
330286,GOOD SAMARITAN HOSPITAL MEDICAL CENTER,1000 MONTAUK HIGHWAY,WEST ISLIP,NY,11795,SUFFOLK,(631) 376-3000,EDAC_30_AMI,Hospital return days for heart attack patients,More Days Than Average per 100 Discharges,312,44.3,22.7,69.4,304,88,,07/01/2017,12/01/2019
330286,GOOD SAMARITAN HOSPITAL MEDICAL CENTER,1000 MONTAUK HIGHWAY,WEST ISLIP,NY,11795,SUFFOLK,(631) 376-3000,EDAC_30_HF,Hospital return days for heart failure patients,More Days Than Average per 100 Discharges,743,52,33.3,72.1,604,236,,07/01/2017,12/01/2019
330286,GOOD SAMARITAN HOSPITAL MEDICAL CENTER,1000 MONTAUK HIGHWAY,WEST ISLIP,NY,11795,SUFFOLK,(631) 376-3000,EDAC_30_PN,Hospital return days for pneumonia patients,More Days Than Average per 100 Discharges,963,56,39.9,73,857,254,,07/01/2017,12/01/2019
330286,GOOD SAMARITAN HOSPITAL MEDICAL CENTER,1000 MONTAUK HIGHWAY,WEST ISLIP,NY,11795,SUFFOLK,(631) 376-3000,OP_32,"Rate of unplanned hospital visits after colonoscopy (per 1,000 colonoscopies)",No Different Than the National Rate,195,15.5,11,22,Not Applicable,Not Applicable,,01/01/2018,12/31/2020
330286,GOOD SAMARITAN HOSPITAL MEDICAL CENTER,1000 MONTAUK HIGHWAY,WEST ISLIP,NY,11795,SUFFOLK,(631) 376-3000,OP_35_ADM,Rate of inpatient admissions for patients receiving outpatient chemotherapy,No Different Than the National Rate,116,6.5,4.7,9.1,Not Applicable,Not Applicable,,07/01/2020,12/31/2020
330286,GOOD SAMARITAN HOSPITAL MEDICAL CENTER,1000 MONTAUK HIGHWAY,WEST ISLIP,NY,11795,SUFFOLK,(631) 376-3000,OP_35_ED,Rate of emergency department (ED) visits for patients receiving outpatient chemotherapy,No Different Than the National Rate,116,3.4,2.1,5.5,Not Applicable,Not Applicable,,07/01/2020,12/31/2020
330286,GOOD SAMARITAN HOSPITAL MEDICAL CENTER,1000 MONTAUK HIGHWAY,WEST ISLIP,NY,11795,SUFFOLK,(631) 376-3000,OP_36,Ratio of unplanned hospital visits after hospital outpatient surgery,No Different than expected,333,0.9,0.7,1.3,Not Applicable,Not Applicable,,07/01/2020,12/31/2020
330286,GOOD SAMARITAN HOSPITAL MEDICAL CENTER,1000 MONTAUK HIGHWAY,WEST ISLIP,NY,11795,SUFFOLK,(631) 376-3000,READM_30_AMI,Acute Myocardial Infarction (AMI) 30-Day Readmission Rate,No Different Than the National Rate,312,17.1,14.6,19.9,Not Applicable,Not Applicable,,07/01/2017,12/01/2019
330286,GOOD SAMARITAN HOSPITAL MEDICAL CENTER,1000 MONTAUK HIGHWAY,WEST ISLIP,NY,11795,SUFFOLK,(631) 376-3000,READM_30_CABG,Rate of readmission for CABG,No Different Than the National Rate,161,14.1,10.9,18.1,Not Applicable,Not Applicable,,07/01/2017,12/01/2019
330286,GOOD SAMARITAN HOSPITAL MEDICAL CENTER,1000 MONTAUK HIGHWAY,WEST ISLIP,NY,11795,SUFFOLK,(631) 376-3000,READM_30_COPD,Rate of readmission for chronic obstructive pulmonary disease (COPD) patients,No Different Than the National Rate,500,20.4,17.9,23.1,Not Applicable,Not Applicable,,07/01/2017,12/01/2019
330286,GOOD SAMARITAN HOSPITAL MEDICAL CENTER,1000 MONTAUK HIGHWAY,WEST ISLIP,NY,11795,SUFFOLK,(631) 376-3000,READM_30_HF,Heart failure (HF) 30-Day Readmission Rate,Worse Than the National Rate,743,26.5,23.9,29.1,Not Applicable,Not Applicable,,07/01/2017,12/01/2019
330286,GOOD SAMARITAN HOSPITAL MEDICAL CENTER,1000 MONTAUK HIGHWAY,WEST ISLIP,NY,11795,SUFFOLK,(631) 376-3000,READM_30_HIP_KNEE,Rate of readmission after hip/knee replacement,No Different Than the National Rate,184,4.5,3.1,6.3,Not Applicable,Not Applicable,,07/01/2017,12/01/2019
330286,GOOD SAMARITAN HOSPITAL MEDICAL CENTER,1000 MONTAUK HIGHWAY,WEST ISLIP,NY,11795,SUFFOLK,(631) 376-3000,READM_30_HOSP_WIDE,Rate of readmission after discharge from hospital (hospital-wide),No Different Than the National Rate,2402,16.3,15.3,17.2,Not Applicable,Not Applicable,,07/01/2019,12/01/2019
330286,GOOD SAMARITAN HOSPITAL MEDICAL CENTER,1000 MONTAUK HIGHWAY,WEST ISLIP,NY,11795,SUFFOLK,(631) 376-3000,READM_30_PN,Pneumonia (PN) 30-Day Readmission Rate,Worse Than the National Rate,963,19.2,17.2,21.2,Not Applicable,Not Applicable,,07/01/2017,12/01/2019
330393,SUNY/STONY BROOK UNIVERSITY HOSPITAL,HEALTH SCIENCES CENTER SUNY,STONY BROOK,NY,11794,SUFFOLK,(631) 444-4000,EDAC_30_AMI,Hospital return days for heart attack patients,Average Days per 100 Discharges,669,12,-2.1,27.2,643,180,,07/01/2017,12/01/2019
330393,SUNY/STONY BROOK UNIVERSITY HOSPITAL,HEALTH SCIENCES CENTER SUNY,STONY BROOK,NY,11794,SUFFOLK,(631) 444-4000,EDAC_30_HF,Hospital return days for heart failure patients,More Days Than Average per 100 Discharges,1520,36.8,23.2,51,1194,427,,07/01/2017,12/01/2019
330393,SUNY/STONY BROOK UNIVERSITY HOSPITAL,HEALTH SCIENCES CENTER SUNY,STONY BROOK,NY,11794,SUFFOLK,(631) 444-4000,EDAC_30_PN,Hospital return days for pneumonia patients,More Days Than Average per 100 Discharges,1377,18.4,5.9,31.6,1249,300,,07/01/2017,12/01/2019
330393,SUNY/STONY BROOK UNIVERSITY HOSPITAL,HEALTH SCIENCES CENTER SUNY,STONY BROOK,NY,11794,SUFFOLK,(631) 444-4000,OP_32,"Rate of unplanned hospital visits after colonoscopy (per 1,000 colonoscopies)",No Different Than the National Rate,3248,11.7,9.3,14.8,Not Applicable,Not Applicable,,01/01/2018,12/31/2020
330393,SUNY/STONY BROOK UNIVERSITY HOSPITAL,HEALTH SCIENCES CENTER SUNY,STONY BROOK,NY,11794,SUFFOLK,(631) 444-4000,OP_35_ADM,Rate of inpatient admissions for patients receiving outpatient chemotherapy,No Different Than the National Rate,384,7,5.3,9.3,Not Applicable,Not Applicable,,07/01/2020,12/31/2020
330393,SUNY/STONY BROOK UNIVERSITY HOSPITAL,HEALTH SCIENCES CENTER SUNY,STONY BROOK,NY,11794,SUFFOLK,(631) 444-4000,OP_35_ED,Rate of emergency department (ED) visits for patients receiving outpatient chemotherapy,Better Than the National Rate,384,2.6,1.7,4.1,Not Applicable,Not Applicable,,07/01/2020,12/31/2020
330393,SUNY/STONY BROOK UNIVERSITY HOSPITAL,HEALTH SCIENCES CENTER SUNY,STONY BROOK,NY,11794,SUFFOLK,(631) 444-4000,OP_36,Ratio of unplanned hospital visits after hospital outpatient surgery,No Different than expected,952,1.1,0.9,1.4,Not Applicable,Not Applicable,,07/01/2020,12/31/2020
330393,SUNY/STONY BROOK UNIVERSITY HOSPITAL,HEALTH SCIENCES CENTER SUNY,STONY BROOK,NY,11794,SUFFOLK,(631) 444-4000,READM_30_AMI,Acute Myocardial Infarction (AMI) 30-Day Readmission Rate,No Different Than the National Rate,669,15.2,13.3,17.3,Not Applicable,Not Applicable,,07/01/2017,12/01/2019
330393,SUNY/STONY BROOK UNIVERSITY HOSPITAL,HEALTH SCIENCES CENTER SUNY,STONY BROOK,NY,11794,SUFFOLK,(631) 444-4000,READM_30_CABG,Rate of readmission for CABG,No Different Than the National Rate,139,11.1,8.2,14.7,Not Applicable,Not Applicable,,07/01/2017,12/01/2019
330393,SUNY/STONY BROOK UNIVERSITY HOSPITAL,HEALTH SCIENCES CENTER SUNY,STONY BROOK,NY,11794,SUFFOLK,(631) 444-4000,READM_30_COPD,Rate of readmission for chronic obstructive pulmonary disease (COPD) patients,No Different Than the National Rate,483,18.9,16.7,21.5,Not Applicable,Not Applicable,,07/01/2017,12/01/2019
330393,SUNY/STONY BROOK UNIVERSITY HOSPITAL,HEALTH SCIENCES CENTER SUNY,STONY BROOK,NY,11794,SUFFOLK,(631) 444-4000,READM_30_HF,Heart failure (HF) 30-Day Readmission Rate,No Different Than the National Rate,1520,23.4,21.5,25.3,Not Applicable,Not Applicable,,07/01/2017,12/01/2019
330393,SUNY/STONY BROOK UNIVERSITY HOSPITAL,HEALTH SCIENCES CENTER SUNY,STONY BROOK,NY,11794,SUFFOLK,(631) 444-4000,READM_30_HIP_KNEE,Rate of readmission after hip/knee replacement,No Different Than the National Rate,629,3.2,2.4,4.3,Not Applicable,Not Applicable,,07/01/2017,12/01/2019
330393,SUNY/STONY BROOK UNIVERSITY HOSPITAL,HEALTH SCIENCES CENTER SUNY,STONY BROOK,NY,11794,SUFFOLK,(631) 444-4000,READM_30_HOSP_WIDE,Rate of readmission after discharge from hospital (hospital-wide),No Different Than the National Rate,4586,15.5,14.8,16.4,Not Applicable,Not Applicable,,07/01/2019,12/01/2019
330393,SUNY/STONY BROOK UNIVERSITY HOSPITAL,HEALTH SCIENCES CENTER SUNY,STONY BROOK,NY,11794,SUFFOLK,(631) 444-4000,READM_30_PN,Pneumonia (PN) 30-Day Readmission Rate,No Different Than the National Rate,1377,15.7,14.1,17.2,Not Applicable,Not Applicable,,07/01/2017,12/01/2019
330401,ST CATHERINE OF SIENA HOSPITAL,50 ROUTE 25A,SMITHTOWN,NY,11787,SUFFOLK,(631) 862-3000,EDAC_30_AMI,Hospital return days for heart attack patients,More Days Than Average per 100 Discharges,118,56.8,26.1,94.5,114,31,,07/01/2017,12/01/2019
330401,ST CATHERINE OF SIENA HOSPITAL,50 ROUTE 25A,SMITHTOWN,NY,11787,SUFFOLK,(631) 862-3000,EDAC_30_HF,Hospital return days for heart failure patients,More Days Than Average per 100 Discharges,528,48.8,28,72.5,427,169,,07/01/2017,12/01/2019
330401,ST CATHERINE OF SIENA HOSPITAL,50 ROUTE 25A,SMITHTOWN,NY,11787,SUFFOLK,(631) 862-3000,EDAC_30_PN,Hospital return days for pneumonia patients,More Days Than Average per 100 Discharges,366,25.1,6,46.5,342,85,,07/01/2017,12/01/2019
330401,ST CATHERINE OF SIENA HOSPITAL,50 ROUTE 25A,SMITHTOWN,NY,11787,SUFFOLK,(631) 862-3000,OP_32,"Rate of unplanned hospital visits after colonoscopy (per 1,000 colonoscopies)",No Different Than the National Rate,948,12,8.8,16.5,Not Applicable,Not Applicable,,01/01/2018,12/31/2020
330401,ST CATHERINE OF SIENA HOSPITAL,50 ROUTE 25A,SMITHTOWN,NY,11787,SUFFOLK,(631) 862-3000,OP_35_ADM,Rate of inpatient admissions for patients receiving outpatient chemotherapy,Number of Cases Too Small,Not Available,Not Available,Not Available,Not Available,Not Applicable,Not Applicable,1,07/01/2020,12/31/2020
330401,ST CATHERINE OF SIENA HOSPITAL,50 ROUTE 25A,SMITHTOWN,NY,11787,SUFFOLK,(631) 862-3000,OP_35_ED,Rate of emergency department (ED) visits for patients receiving outpatient chemotherapy,Number of Cases Too Small,Not Available,Not Available,Not Available,Not Available,Not Applicable,Not Applicable,1,07/01/2020,12/31/2020
330401,ST CATHERINE OF SIENA HOSPITAL,50 ROUTE 25A,SMITHTOWN,NY,11787,SUFFOLK,(631) 862-3000,OP_36,Ratio of unplanned hospital visits after hospital outpatient surgery,No Different than expected,257,1.1,0.8,1.5,Not Applicable,Not Applicable,,07/01/2020,12/31/2020
330401,ST CATHERINE OF SIENA HOSPITAL,50 ROUTE 25A,SMITHTOWN,NY,11787,SUFFOLK,(631) 862-3000,READM_30_AMI,Acute Myocardial Infarction (AMI) 30-Day Readmission Rate,No Different Than the National Rate,118,16.7,13.8,20.4,Not Applicable,Not Applicable,,07/01/2017,12/01/2019
330401,ST CATHERINE OF SIENA HOSPITAL,50 ROUTE 25A,SMITHTOWN,NY,11787,SUFFOLK,(631) 862-3000,READM_30_CABG,Rate of readmission for CABG,Not Available,Not Available,Not Available,Not Available,Not Available,Not Applicable,Not Applicable,5,07/01/2017,12/01/2019
330401,ST CATHERINE OF SIENA HOSPITAL,50 ROUTE 25A,SMITHTOWN,NY,11787,SUFFOLK,(631) 862-3000,READM_30_COPD,Rate of readmission for chronic obstructive pulmonary disease (COPD) patients,No Different Than the National Rate,310,18,15.4,20.9,Not Applicable,Not Applicable,,07/01/2017,12/01/2019
330401,ST CATHERINE OF SIENA HOSPITAL,50 ROUTE 25A,SMITHTOWN,NY,11787,SUFFOLK,(631) 862-3000,READM_30_HF,Heart failure (HF) 30-Day Readmission Rate,No Different Than the National Rate,528,20.8,18.3,23.7,Not Applicable,Not Applicable,,07/01/2017,12/01/2019
330401,ST CATHERINE OF SIENA HOSPITAL,50 ROUTE 25A,SMITHTOWN,NY,11787,SUFFOLK,(631) 862-3000,READM_30_HIP_KNEE,Rate of readmission after hip/knee replacement,No Different Than the National Rate,99,3.5,2.4,5.2,Not Applicable,Not Applicable,,07/01/2017,12/01/2019
330401,ST CATHERINE OF SIENA HOSPITAL,50 ROUTE 25A,SMITHTOWN,NY,11787,SUFFOLK,(631) 862-3000,READM_30_HOSP_WIDE,Rate of readmission after discharge from hospital (hospital-wide),No Different Than the National Rate,1626,16.5,15.3,17.6,Not Applicable,Not Applicable,,07/01/2019,12/01/2019
330401,ST CATHERINE OF SIENA HOSPITAL,50 ROUTE 25A,SMITHTOWN,NY,11787,SUFFOLK,(631) 862-3000,READM_30_PN,Pneumonia (PN) 30-Day Readmission Rate,No Different Than the National Rate,366,15.6,13.3,18.3,Not Applicable,Not Applicable,,07/01/2017,12/01/2019
